name,C>A,C>G,C>T,T>A,T>C,T>G,MNV,D,DI,I,SV
CD0001a,1,0,1,2,3,0,0,0,1,0,0
CD0001c,0,1,3,0,0,1,0,3,0,0,1
CD0001d,2,1,4,1,2,1,0,0,0,0,0
CD0002a,1,0,8,3,0,0,0,3,0,0,0
CD0002b,0,0,1,0,0,1,0,0,0,0,0
CD0002c,1,0,4,3,0,0,0,1,0,0,1
CD0002d,0,1,8,2,0,0,0,2,0,0,0
CD0003a,0,0,3,3,2,0,0,4,0,0,0
CD0003b,1,1,1,3,0,0,0,1,0,0,0
CD0003c,1,1,1,3,1,2,0,4,0,0,0
CD0003d,3,1,2,2,0,1,1,1,1,0,0
CD0004a,6,2,6,7,1,0,0,4,1,1,0
CD0004b,0,1,0,1,0,0,0,1,0,0,0
CD0004c,3,0,3,3,2,0,0,3,0,0,0
CD0004d,5,3,6,5,4,1,1,4,0,0,0
CD0005a,0,0,5,1,1,0,0,4,0,1,1
CD0005b,0,0,0,3,1,0,0,1,0,1,0
CD0005c,1,0,6,1,2,1,0,0,0,1,0
CD0005d,1,0,1,0,0,0,0,2,0,3,0
CD0006a,2,0,2,2,1,0,0,0,0,2,0
CD0006c,1,0,1,0,2,0,0,2,0,2,1
CD0006d,1,0,2,1,0,1,0,0,0,1,0
CD0007a,1,0,0,0,0,0,0,1,0,0,0
CD0007c,0,0,3,0,1,0,0,3,0,1,7
CD0007d,0,0,1,2,0,1,0,1,0,1,2
CD0009a,1,0,2,1,1,1,0,0,0,0,0
CD0009b,0,1,0,0,0,0,0,0,0,0,0
CD0009c,0,0,0,0,0,0,0,1,0,0,0
CD0009e,3,1,2,0,0,0,0,4,0,0,1
CD0009f,4,1,2,2,1,2,0,5,0,0,7
CD0009g,1,3,2,1,2,1,0,0,0,2,0
CD0009h,1,2,4,2,2,2,0,4,0,1,1
CD0010a,1,1,0,0,1,1,0,0,0,0,0
CD0010c,0,1,0,0,0,1,0,0,0,0,0
CD0010d,0,0,1,0,0,1,0,0,0,0,0
CD0011a,0,0,0,0,0,0,0,0,0,0,0
CD0011c,2,2,2,1,2,1,1,1,0,0,0
CD0011d,0,0,1,0,1,1,0,1,0,1,0
CD0012a,2,0,0,1,0,0,0,0,0,0,0
CD0012c,1,0,0,0,0,0,0,0,0,0,0
CD0012d,1,0,0,0,0,0,0,0,0,0,0
CD0013a,1,0,2,0,0,0,0,0,0,0,0
CD0013c,0,0,0,0,0,0,0,0,0,0,0
CD0013d,0,1,3,1,0,0,0,1,0,0,0
CD0014a,0,0,3,1,1,0,0,0,0,0,0
CD0014c,1,0,2,2,1,1,0,1,0,0,0
CD0014d,3,0,6,1,0,2,0,1,0,0,0
CD0015a,0,1,2,2,1,0,0,0,0,0,0
CD0015c,0,0,0,0,0,0,0,0,0,0,0
CD0015d,0,0,1,2,1,0,0,0,0,0,0
CD0016a,1,1,1,0,1,2,0,3,0,1,0
CD0016c,1,1,0,0,0,0,0,0,0,1,0
CD0016d,1,0,0,0,0,1,1,0,0,0,0
CD0017a,6,1,2,2,0,0,1,0,0,3,0
CD0017c,5,2,4,0,1,0,0,1,0,0,1
CD0017d,3,0,1,0,0,1,0,1,0,0,0
CD0018a,2,0,1,0,0,0,0,0,0,0,0
CD0018c,0,0,0,1,0,1,0,0,0,0,0
CD0018d,2,1,2,0,0,0,0,2,0,0,0
CD0019a,2,0,1,0,0,0,0,0,0,0,0
CD0019c,4,0,4,0,1,0,0,1,1,1,1
CD0019d,0,1,3,0,0,0,0,1,0,0,0
CD0020a,1,0,2,0,0,1,0,1,0,0,0
CD0020c,0,0,5,2,0,2,0,1,0,1,0
CD0020d,2,0,8,0,0,2,0,1,1,0,0
CD0021a,1,0,0,1,0,0,0,0,0,0,0
CD0021c,4,0,2,0,1,0,0,0,0,0,0
CD0021d,1,1,1,1,0,0,0,1,0,0,1
CD0022a,6,0,1,0,0,0,0,1,0,0,0
CD0022c,0,2,0,0,1,0,0,0,0,0,0
CD0022d,8,0,1,1,1,6,0,0,0,0,0
CD0023a,8,2,3,1,1,6,1,1,1,0,0
CD0023c,3,3,4,1,1,0,0,2,0,1,0
CD0023d,5,0,7,0,0,2,1,2,1,2,0
CD0024a,2,3,2,1,0,8,0,1,1,0,0
CD0024c,1,1,0,0,1,5,0,0,0,0,0
CD0024d,28,6,10,4,1,6,0,4,0,1,0
CD0025a,15,2,7,1,0,3,0,3,0,0,0
CD0025c,8,0,4,0,1,0,0,1,0,1,0
CD0025d,3,0,9,4,1,1,1,3,1,2,0
CD0026a,10,2,8,2,1,1,0,2,1,0,0
CD0026c,1,1,5,0,2,0,1,0,0,0,0
CD0026d,4,2,12,2,1,1,0,0,1,0,0
CD0027a,16,1,10,2,1,0,1,0,0,1,0
CD0027c,13,1,7,4,1,1,0,0,0,0,0
CD0027d,2,1,2,0,0,0,0,0,0,0,0
CD0028a,0,0,0,0,0,0,0,0,0,0,0
CD0028c,0,0,0,0,0,0,0,0,0,0,0
CD0028d,0,0,0,0,0,0,0,0,0,0,0
CD0029a,1,0,0,0,0,0,0,0,0,0,0
CD0029c,0,1,0,1,1,0,0,0,0,1,0
CD0029d,0,0,0,0,0,0,0,0,0,0,0
CD0030a,1,0,2,1,4,2,1,2,0,1,0
CD0030c,0,1,2,4,2,0,0,1,0,0,0
CD0030d,0,0,2,2,3,0,0,0,0,0,0
CD0031a,1,0,1,1,1,2,1,1,0,0,0
CD0031c,0,0,0,0,0,1,0,1,0,1,0
CD0031d,0,1,1,1,1,3,0,1,0,1,0
CD0032a,0,0,1,3,1,0,0,2,0,1,0
CD0032c,0,1,0,0,2,0,0,0,0,0,0
CD0032d,0,0,0,1,1,0,0,0,0,1,0
CD0033a,0,0,2,0,0,1,0,0,0,0,0
CD0033c,0,0,1,0,0,0,0,1,0,0,0
CD0033d,0,0,0,2,0,0,0,0,0,0,0
CD0034c,1,0,0,1,1,0,0,0,0,1,0
CD0034d,0,0,1,0,0,0,0,2,0,1,0
CD0035a,2,5,4,4,1,5,0,10,0,2,2
CD0035c,0,0,1,1,1,1,0,3,1,1,1
CD0035d,0,1,2,2,2,0,0,7,2,2,2
CD0036a,1,1,2,0,2,1,0,13,2,1,2
CD0036c,1,0,2,1,2,0,0,10,1,0,3
CD0036d,1,0,1,1,1,1,0,11,0,2,1
CD0037a,1,1,1,1,1,1,0,3,0,0,1
CD0037c,1,0,0,2,0,3,0,4,0,0,1
CD0037d,3,0,1,0,4,0,0,4,1,1,0
CD0039c,1,0,0,0,0,0,0,1,0,0,0
CD0039d,1,0,0,2,0,1,0,0,0,0,0
CD0040a,1,0,1,0,0,1,0,0,0,0,0
CD0040c,0,0,2,1,2,0,0,1,0,0,0
CD0040d,1,0,0,1,0,0,0,2,0,0,0
CD0042a,2,0,3,0,2,1,0,0,0,0,1
CD0042c,0,0,0,1,0,0,0,0,0,0,0
CD0042d,2,0,0,0,0,0,0,1,0,1,1
CD0043a,0,1,0,0,3,0,0,0,0,0,2
CD0043c,1,0,4,1,2,0,0,0,0,1,2
CD0043d,0,0,0,0,1,0,0,1,0,0,0
CD0044c,0,0,1,1,0,1,0,2,0,0,0
CD0044d,1,0,3,1,1,1,0,0,0,0,0
CD0045a,0,1,2,0,1,1,0,0,0,0,0
CD0045c,1,0,0,0,1,1,0,0,0,0,0
CD0045d,0,1,1,0,1,0,0,0,0,0,2
CD0046a,1,0,7,0,0,1,0,0,0,0,0
CD0046c,3,0,1,0,0,1,0,0,0,1,0
CD0046d,3,0,6,1,1,2,0,0,0,0,0
CD0047c,1,1,1,0,0,2,0,2,1,0,0
CD0047d,1,1,0,0,1,0,0,1,0,0,0
CD0048a,0,0,1,1,1,1,0,2,0,1,1
CD0048c,0,0,0,2,0,0,0,8,0,0,1
CD0048d,4,0,0,1,0,0,0,9,2,3,1
CD0049a,1,1,0,0,1,0,0,0,0,0,0
CD0049c,1,1,1,0,0,0,0,3,0,2,0
CD0049d,1,0,0,0,2,1,2,1,0,1,1
CD0051a,0,0,0,1,0,0,0,2,0,0,0
CD0051c,4,1,1,2,0,1,0,0,0,0,0
CD0051d,4,0,0,0,0,1,0,1,0,0,1
CD0052a,2,1,0,0,0,0,0,0,0,1,3
CD0052c,2,1,1,0,0,0,0,0,0,0,0
CD0052d,1,0,0,0,0,0,0,0,0,0,1
CD0053a,0,0,0,1,0,0,1,0,0,1,0
CD0053c,2,2,1,0,2,1,0,2,0,1,0
CD0053d,3,2,2,0,1,8,0,0,0,0,0
CD0054a,1,0,0,0,0,0,0,0,0,0,1
CD0054c,1,0,0,0,0,0,0,2,2,0,4
CD0054d,1,0,0,0,1,0,0,0,0,0,1
CD0055a,4,0,5,2,0,1,3,3,2,1,2
CD0055c,0,2,7,2,0,2,0,8,0,0,2
CD0055d,4,0,11,1,2,1,1,3,0,0,1
CD0056a,8,1,1,2,2,0,1,5,0,1,0
CD0056c,4,1,1,5,1,0,0,6,1,2,2
CD0056d,8,1,4,2,0,1,0,1,0,2,0
CD0057a,1,0,0,0,1,0,0,9,0,0,0
CD0057c,2,0,1,0,1,0,3,6,0,2,0
CD0057d,3,0,2,2,1,0,1,5,0,0,1
CD0058a,4,1,0,2,0,0,1,5,1,1,0
CD0058c,3,0,1,3,0,1,0,7,1,0,2
CD0058d,7,2,2,4,2,1,4,5,0,0,2
CD0060a,3,1,0,0,0,2,1,2,0,0,1
CD0060c,5,1,1,2,2,2,1,4,0,0,0
CD0060d,2,2,4,1,1,1,2,3,0,1,2
CD0061a,1,0,0,0,1,1,0,0,0,0,4
CD0061c,1,1,3,0,2,0,0,1,0,0,1
CD0061d,1,1,2,2,0,1,0,0,0,0,2
CD0062a,3,0,0,0,0,1,0,0,0,0,0
CD0062c,6,0,1,3,3,1,0,2,0,0,1
CD0062d,5,1,0,1,0,2,0,0,0,1,0
CD0063a,2,0,2,3,0,1,0,3,0,1,4
CD0063c,8,3,2,2,2,0,1,2,1,0,0
CD0063d,5,0,1,2,0,0,1,2,0,1,0
CD0064a,20,4,7,7,7,1,10,19,4,4,3
CD0064c,9,1,5,3,3,1,5,6,1,3,1
CD0064d,11,2,3,5,2,13,8,8,1,1,1
CD0091a,0,0,0,0,2,1,0,1,0,2,0
CD0091b,0,1,0,0,1,0,0,1,0,0,0
CD0091c,0,0,3,1,0,1,0,3,0,1,2
CD0091d,0,0,0,0,0,0,0,2,0,1,0
CD0091e,1,0,1,3,0,1,0,1,0,1,2
CD0091f,0,0,1,2,0,1,0,4,0,0,1
CD0091g,0,0,0,1,1,1,0,0,0,1,1
CD0091h,0,0,3,1,1,1,0,2,0,0,3
CD0091i,0,1,1,1,0,0,0,4,0,2,0
CD0091j,1,0,0,2,1,1,0,2,0,0,2
CD0091k,1,1,2,1,0,1,0,4,0,1,0
CD0091l,0,0,2,2,1,0,0,1,0,1,1
CD0091m,1,1,4,1,1,0,0,5,0,3,3
CD0093a,0,0,0,0,0,0,0,0,0,0,0
CD0093c,0,0,0,0,0,0,0,0,0,0,0
CD0093d,0,0,0,0,0,0,0,0,0,0,1
CD0094a,0,0,0,0,0,0,0,0,0,1,3
CD0094c,1,0,0,1,0,0,0,0,0,2,2
CD0094d,0,1,0,0,0,0,0,0,0,0,1
CD0095a,1,0,0,0,0,1,0,0,0,2,1
CD0095c,0,0,3,0,1,0,0,0,0,0,0
CD0095d,0,1,0,1,0,2,0,0,0,0,2
CD0096a,0,1,0,1,1,0,0,1,0,1,0
CD0096c,1,1,1,0,1,0,0,0,1,2,2
CD0096d,0,0,0,1,0,2,0,0,0,1,0
CD0097a,9,0,9,8,14,3,0,73,0,38,0
CD0097c,4,0,7,6,14,7,1,70,0,35,4
CD0097d,4,0,5,9,11,11,1,64,2,42,0
CD0099a,0,0,1,2,0,1,0,1,0,1,0
CD0099b,1,0,1,1,0,0,0,0,0,3,0
CD0099c,0,1,1,0,2,0,0,2,0,0,0
CD0099d,1,0,0,3,1,0,0,2,0,2,0
CD0100a,3,2,3,3,0,0,0,0,0,2,0
CD0100b,0,0,0,0,1,0,0,0,0,0,0
CD0100c,3,2,4,2,3,4,0,2,0,0,1
CD0100d,6,1,2,5,4,2,0,3,0,1,1
CD0101a,0,0,0,2,2,1,0,1,0,0,0
CD0101b,3,0,0,0,0,0,0,0,0,5,0
CD0101c,1,0,0,3,2,2,0,1,0,0,0
CD0101d,0,2,3,2,0,0,0,1,0,0,0
CD0102a,2,3,4,3,3,3,0,4,0,1,1
CD0102b,0,0,1,0,0,0,0,0,0,4,0
CD0102c,1,0,7,6,3,1,1,6,0,0,0
CD0102d,1,4,5,1,1,1,1,2,0,1,1
CD0103a,1,1,0,5,1,0,1,1,1,3,0
CD0103b,0,1,0,1,0,0,0,1,0,2,0
CD0103c,1,0,3,3,0,0,0,2,0,0,0
CD0103d,1,0,0,1,1,2,0,1,1,1,0
CD0104a,3,0,4,3,2,1,0,3,3,0,1
CD0104b,1,1,0,2,0,0,0,0,0,5,0
CD0104c,1,3,4,5,3,3,0,3,0,5,0
CD0104d,2,2,2,6,3,1,0,3,1,1,1
CD0106a,1,0,2,1,1,0,0,2,0,2,0
CD0106c,0,1,2,0,0,0,0,1,0,1,0
CD0106d,0,1,0,0,0,0,0,1,0,1,0
CD0107a,0,0,2,0,2,1,0,1,0,2,0
CD0107c,1,0,0,1,0,0,0,2,0,0,0
CD0107d,0,0,1,1,0,1,0,0,0,2,0
CD0108a,0,0,0,2,2,1,1,0,0,6,1
CD0108c,0,0,0,1,0,0,0,1,0,3,0
CD0108d,0,0,0,0,0,0,1,0,0,0,0
CD0110a,0,1,5,4,3,2,1,2,0,2,1
CD0110c,0,1,0,3,5,0,0,1,0,1,0
CD0110d,2,1,5,4,4,1,2,2,0,2,0
CD0111a,2,2,4,2,2,0,0,0,0,1,0
CD0111c,1,3,6,1,3,2,0,0,0,1,0
CD0111d,4,0,3,4,3,0,1,1,0,0,0
CD0112c,5,3,5,3,7,6,0,5,0,1,2
CD0112d,6,1,5,3,0,2,1,2,0,1,2
CD0114a,0,6,4,6,4,3,1,3,0,0,0
CD0114c,2,2,4,7,1,3,0,0,0,0,0
CD0114d,4,0,2,4,2,5,2,3,0,2,0
CD0115a,3,3,5,6,8,4,0,3,0,2,1
CD0115c,4,6,8,7,10,3,4,3,0,0,0
CD0115d,4,6,6,5,2,1,0,1,1,2,0
CD0117a,9,10,10,6,6,3,1,2,0,1,1
CD0117c,5,5,10,9,9,7,3,4,2,3,1
CD0117d,7,2,7,6,8,5,4,2,0,1,0
CD0118a,3,3,9,9,7,3,3,2,0,0,0
CD0118c,7,1,10,12,6,5,0,1,0,2,1
CD0118d,3,1,12,5,7,5,5,2,1,0,3
CD0119a,4,7,18,12,12,5,4,3,2,1,3
CD0119c,8,8,8,12,8,11,1,14,3,1,4
CD0119d,10,10,13,9,11,5,3,5,0,0,1
CD0121a,4,0,6,2,3,1,0,13,6,1,3
CD0121b,1,1,1,0,0,1,0,2,1,0,1
CD0121c,3,1,5,3,2,0,1,12,3,4,2
CD0121d,4,2,2,5,4,0,0,5,5,2,3
CD0122a,1,0,1,1,1,0,0,1,0,4,0
CD0122c,0,1,4,3,1,1,0,3,0,1,1
CD0122d,0,0,1,1,0,2,0,2,0,2,1
CD0123a,0,0,3,2,0,0,0,6,0,2,0
CD0123b,0,0,0,0,1,0,0,0,0,0,0
CD0123c,1,0,1,1,2,0,0,2,0,1,0
CD0123d,0,0,0,1,1,0,0,5,1,2,0
CD0125a,1,0,4,1,2,1,0,3,0,2,0
CD0125c,1,0,3,3,0,0,0,5,0,0,0
CD0125d,0,1,6,7,3,0,0,3,0,7,0
CD0125e,0,2,6,8,2,0,0,4,0,5,1
CD0130a,2,0,2,2,0,2,0,0,0,1,0
CD0130c,1,1,0,4,0,1,0,1,0,0,1
CD0130d,1,0,1,1,0,0,0,1,0,2,0
CD0131a,3,0,2,2,2,1,0,2,0,1,4
CD0131c,2,1,2,1,1,0,0,1,0,2,8
CD0131d,0,0,1,1,1,2,0,0,0,0,3
CD0132a,5,1,2,1,2,0,0,0,0,2,1
CD0132c,1,1,2,1,0,1,0,1,0,5,6
CD0132d,0,1,1,2,2,1,0,2,0,0,6
CD0133a,2,0,4,2,1,1,0,2,0,0,2
CD0133c,2,1,1,3,2,0,0,4,1,2,2
CD0133d,7,0,1,0,0,1,1,3,0,3,0
CD0134a,59,2,85,34,86,29,2,476,4,300,1
CD0134c,53,2,76,23,113,43,1,580,0,289,0
CD0134d,42,1,84,49,84,27,3,585,3,329,2
CD0138a,2,1,2,3,0,1,0,0,0,0,0
CD0138b,0,0,0,1,0,1,0,0,0,0,0
CD0138c,3,0,0,4,1,0,0,5,0,0,1
CD0138d,1,3,0,4,0,0,0,2,0,0,0
CD0139a,1,1,6,1,0,0,0,1,0,0,0
CD0139b,1,1,3,1,1,2,0,0,0,0,0
CD0139c,1,0,3,1,1,1,0,3,0,2,0
CD0139d,0,0,0,2,1,1,0,1,0,0,0
CD0140a,2,1,2,3,2,0,0,1,0,0,0
CD0140b,0,0,2,2,0,0,1,0,0,1,0
CD0140c,0,2,0,2,2,1,0,2,0,1,0
CD0140d,1,2,3,0,2,3,0,3,0,3,0
CD0141a,2,0,2,1,0,1,0,2,0,2,0
CD0141b,1,1,1,0,0,1,0,1,0,1,0
CD0141c,2,0,1,1,1,0,0,0,0,2,0
CD0141d,0,1,2,2,1,2,0,0,0,3,1
CD0142a,1,1,1,4,0,2,1,1,0,0,2
CD0142b,1,1,2,1,3,1,1,1,0,2,1
CD0142c,0,0,2,1,3,0,0,0,0,2,0
CD0144a,1,1,3,2,3,0,0,1,0,5,0
CD0144b,0,0,0,0,0,0,0,0,0,0,0
CD0144c,1,0,0,4,0,0,0,1,0,1,0
CD0144d,0,1,1,4,1,0,1,4,0,0,1
CD0145a,0,0,2,1,0,0,0,0,0,0,0
CD0145c,0,0,0,2,2,0,0,0,0,1,1
CD0145d,0,1,1,0,0,2,0,0,0,0,0
CD0146a,1,0,0,2,1,0,0,3,0,1,0
CD0146c,0,0,1,3,0,0,0,3,1,0,0
CD0146d,0,0,0,2,0,0,0,2,0,5,0
CD0147a,0,0,2,0,1,1,0,0,0,0,0
CD0147c,0,0,0,0,0,0,0,1,0,2,1
CD0147d,1,0,2,1,1,0,0,1,0,0,0
CD0148a,6,0,0,1,1,0,0,2,0,2,0
CD0148c,0,0,1,2,3,1,1,3,0,2,0
CD0148d,2,2,0,0,2,0,0,2,0,0,1
CD0149a,0,1,2,0,1,0,0,0,0,0,0
CD0149c,0,0,0,0,1,0,0,0,0,0,0
CD0149d,0,0,1,1,0,0,0,0,0,3,0
CD0150a,7,0,1,1,1,0,3,2,0,0,0
CD0150c,1,1,0,0,0,1,0,0,0,1,0
CD0150d,3,1,1,5,0,0,0,2,0,2,0
CD0151a,4,0,1,1,2,0,3,4,0,2,1
CD0151c,9,1,4,4,2,1,0,4,0,1,1
CD0151d,13,0,4,6,2,1,4,6,0,1,2
CD0152a,18,1,2,5,3,4,1,6,0,0,1
CD0152c,6,3,4,7,2,1,4,5,0,2,1
CD0152d,20,1,2,6,4,2,5,8,1,3,0
CD0153a,0,0,2,0,0,0,0,0,0,0,0
CD0153c,0,1,1,0,2,1,0,0,0,0,0
CD0153d,0,0,0,0,1,0,0,0,0,1,0
CD0154a,0,0,0,0,2,0,0,0,0,2,0
CD0154c,0,0,0,1,0,0,0,1,0,1,0
CD0154d,1,0,1,0,0,0,0,1,0,1,0
CD0155a,2,0,0,1,0,1,1,1,0,2,0
CD0155c,2,0,1,1,1,1,2,1,0,1,1
CD0155d,3,1,1,3,0,1,0,5,0,0,0
CD0156a,4,2,2,1,0,2,1,2,0,3,0
CD0156c,3,0,2,3,0,0,0,4,0,0,1
CD0156d,2,0,0,1,0,1,0,3,0,2,0
CD0157a,1,1,0,1,0,1,0,0,0,3,0
CD0157c,1,0,0,3,1,0,1,1,0,0,0
CD0158a,7,3,1,1,0,1,2,7,0,1,0
CD0158c,15,0,0,3,1,0,2,5,0,1,1
CD0159a,4,0,0,4,1,0,0,3,0,2,0
CD0159c,3,2,3,0,1,1,8,7,0,0,0
CD0159d,11,1,3,2,2,3,1,5,2,2,4
CD0160a,5,0,2,4,3,0,2,5,1,3,2
CD0160c,5,2,2,3,1,0,1,3,0,1,0
CD0161a,0,1,1,1,0,0,0,0,0,1,0
CD0161c,2,0,0,1,0,1,1,0,0,3,0
CD0161d,0,0,1,0,0,1,0,0,0,1,0
CD0162a,0,0,4,2,1,0,0,0,1,1,0
CD0162c,0,1,2,2,0,0,0,1,0,2,0
CD0163a,3,0,0,0,1,0,1,5,0,1,0
CD0163c,0,1,1,0,2,2,0,1,0,0,0
CD0163d,2,1,2,0,1,0,0,3,0,0,0
CD0164a,9,2,1,2,2,0,0,3,0,2,1
CD0164c,3,0,0,2,1,0,0,4,0,5,1
CD0164d,1,0,3,2,0,1,2,4,1,1,0
CD0169a,1,0,0,0,0,0,0,3,0,1,0
CD0169c,2,0,2,0,0,1,0,4,1,0,1
CD0169d,0,0,0,0,0,1,0,1,1,0,1
CD0170a,3,0,0,1,0,0,0,9,2,2,3
CD0170c,0,0,1,1,0,0,0,5,0,1,2
CD0170d,1,0,1,3,0,0,0,8,5,0,3
CD0171a,4,0,2,4,1,1,0,9,4,0,4
CD0171c,4,0,0,1,0,0,0,16,6,0,4
CD0172a,0,0,0,0,1,0,0,1,0,0,0
CD0172c,1,0,1,1,1,0,0,2,0,0,0
CD0172d,0,0,0,0,1,0,0,0,0,0,0
CD0173a,1,0,0,0,0,1,0,1,0,0,0
CD0173c,3,0,1,2,1,0,0,1,0,0,0
CD0173d,0,0,1,1,1,1,1,0,1,0,0
CD0174a,1,0,2,5,2,0,1,1,0,1,0
CD0174c,1,1,1,0,1,0,0,1,0,1,1
CD0174d,4,0,3,0,1,0,0,1,0,2,0
CD0175a,4,1,2,3,0,0,0,1,2,1,0
CD0175c,3,0,0,1,1,0,1,1,1,1,1
CD0175d,2,0,0,1,0,0,0,4,1,2,0
CD0176a,0,0,1,1,0,0,0,0,0,1,1
CD0176c,2,0,0,3,0,1,0,0,0,0,2
CD0176d,1,0,1,0,0,0,2,0,0,1,1
CD0177a,3,0,0,1,1,1,0,2,0,0,1
CD0177c,4,0,0,1,0,1,1,3,0,1,5
CD0178a,2,0,1,0,1,0,0,1,0,0,1
CD0178c,2,0,2,1,0,2,0,1,0,0,0
CD0178d,1,0,0,1,1,0,1,1,0,1,1
CD0179a,1,0,2,1,0,0,0,2,0,1,0
CD0179c,4,1,0,3,1,1,0,0,0,1,1
CD0179d,2,0,2,2,1,0,0,2,0,2,0
CD0183a,0,0,2,0,0,1,0,0,0,0,0
CD0183c,1,0,0,0,0,0,0,0,0,0,0
CD0183d,1,0,1,0,0,1,0,0,0,0,0
CD0184a,1,1,0,8,2,1,0,0,0,0,1
CD0184c,0,2,1,4,4,0,0,1,0,0,0
CD0184d,0,1,4,6,2,2,0,1,0,1,0
CD0185a,2,0,3,17,13,6,0,0,0,1,0
CD0185c,1,0,3,13,10,4,0,0,0,0,2
CD0185d,4,0,2,16,9,1,0,1,0,0,0
CD0186a,2,2,1,1,0,0,0,0,0,0,2
CD0186c,0,0,1,0,0,0,0,0,1,0,1
CD0186d,3,0,1,2,0,1,0,2,0,0,4
CD0187a,3,1,3,10,5,0,0,0,0,1,2
CD0187c,1,0,3,6,6,1,0,1,0,1,2
CD0187d,1,0,2,5,1,1,0,0,0,0,1
CD0188c,5,0,7,23,19,3,0,0,0,0,3
CD0188d,4,1,2,10,1,2,0,1,0,0,0
CD0189c,2,2,2,5,0,0,0,0,0,1,0
CD0189d,0,0,1,0,1,0,1,1,0,0,0
CD0190a,2,0,1,7,0,2,0,1,0,0,0
CD0191a,5,1,3,8,5,3,0,0,0,0,0
CD0191c,2,1,4,15,13,1,1,0,0,0,1
CD0191d,7,2,6,25,14,6,0,0,0,1,0
CD0192a,2,0,1,3,2,3,0,0,0,0,0
CD0192c,2,0,2,2,0,2,0,2,0,0,0
CD0192d,2,0,3,2,0,1,0,1,0,1,0
CD0193a,2,2,2,8,3,0,0,0,0,0,0
CD0193c,0,0,0,7,4,3,0,1,0,0,0
CD0193d,0,0,1,3,3,2,0,0,0,0,0
CD0194a,3,0,5,11,8,1,0,2,0,0,0
CD0194c,5,1,2,11,7,3,0,2,0,0,0
CD0194d,2,2,2,17,6,0,0,3,0,1,1
CD0195a,0,0,2,1,1,1,0,0,0,3,0
CD0195c,3,1,1,1,1,2,0,1,0,1,0
CD0195d,2,0,4,1,1,2,0,0,1,2,0
CD0196a,3,3,8,17,7,3,0,0,0,1,1
CD0196c,1,1,7,17,6,7,0,5,0,1,0
CD0196d,6,1,14,20,11,3,0,4,0,0,0
CD0197a,5,6,9,40,16,14,0,5,2,3,2
CD0197c,7,1,10,36,16,4,1,1,0,1,0
CD0197d,6,2,5,34,22,9,1,5,1,1,1
CD0198a,5,1,3,2,2,0,0,0,0,0,1
CD0198c,4,0,1,2,0,2,0,1,0,0,1
CD0198d,2,1,6,3,0,1,0,4,0,0,0
CD0199a,5,2,3,13,6,3,0,1,0,0,0
CD0199c,6,3,4,17,10,10,0,3,0,1,0
CD0199d,4,3,7,17,10,7,0,4,1,0,2
CD0200a,6,1,6,31,33,7,0,2,0,1,0
CD0200c,8,2,11,34,18,9,0,3,0,0,0
CD0200d,13,5,6,36,35,9,2,3,0,0,0
CD0201a,7,0,1,0,0,1,0,5,0,0,0
CD0201c,2,1,4,2,0,1,0,1,0,0,0
CD0201d,3,0,3,2,2,0,1,1,0,0,0
CD0202a,2,0,3,139,56,12,1,1,0,1,0
CD0202c,1,1,5,168,53,15,1,3,1,1,0
CD0202d,4,0,4,164,79,6,0,2,0,1,0
CD0203a,5,8,4,744,189,20,5,4,1,1,0
CD0203c,7,7,9,1025,233,30,4,2,0,1,0
CD0203d,9,5,7,650,141,28,5,3,0,1,2
CD0204a,24,2,37,14,46,13,1,233,1,160,0
CD0204c,27,4,23,10,27,8,1,166,1,85,0
CD0204d,48,1,51,30,64,27,0,473,0,283,0
CD0205a,31,4,38,45,66,52,0,303,0,163,0
CD0205c,25,2,26,15,24,21,0,182,1,106,1
CD0205d,24,0,36,24,40,18,3,174,0,98,0
CD0206a,52,2,73,58,88,40,3,373,0,207,0
CD0206c,10,4,35,34,47,19,2,145,0,89,1
CD0206d,44,2,56,42,71,41,0,373,1,216,0
CD0207a,9,3,3,2,2,2,0,1,0,1,1
CD0207c,3,2,2,3,0,1,0,2,0,0,0
CD0207d,8,2,7,4,1,0,0,2,0,0,0
CD0208a,12,5,5,10,8,6,0,2,1,0,1
CD0208c,10,1,5,13,6,4,0,2,1,0,0
CD0208d,17,1,7,15,17,5,0,2,0,1,0
CD0209a,12,8,6,52,28,8,0,1,0,0,1
CD0209d,13,5,7,60,55,22,3,3,1,0,2
CD0210a,2,1,1,1,3,0,0,0,0,0,0
CD0210c,3,0,4,2,0,1,0,2,0,0,0
CD0210d,2,0,3,0,1,0,0,1,0,1,0
CD0211a,7,0,4,18,6,4,0,5,1,0,1
CD0211c,5,1,4,12,4,2,0,1,1,0,0
CD0211d,5,0,5,12,6,1,0,3,1,1,2
CD0212a,17,1,7,33,17,9,0,7,0,1,1
CD0212c,12,1,8,40,14,8,0,5,3,1,0
CD0212d,13,3,10,49,14,7,2,6,2,0,3
CD0213a,2,0,4,2,0,0,0,0,0,0,0
CD0213c,1,1,3,3,0,0,0,0,0,2,0
CD0214a,1,0,3,1,1,1,0,2,0,0,0
CD0214c,3,1,0,0,2,0,2,4,0,0,0
CD0214d,4,1,3,2,1,1,0,10,0,2,0
CD0215a,3,1,1,2,1,1,2,2,2,2,1
CD0215c,2,1,3,4,1,0,3,2,1,1,0
CD0215d,0,1,4,2,1,0,1,4,0,0,1
CD0216a,7,0,1,1,0,1,0,6,0,0,1
CD0216c,6,0,7,2,3,0,0,2,0,0,0
CD0216d,2,1,2,0,4,3,1,8,1,2,0
CD0217a,3,0,1,1,3,2,0,3,0,0,0
CD0217c,1,0,0,2,0,0,0,2,0,1,0
CD0217d,3,1,5,3,2,0,0,2,0,0,1
CD0218a,2,2,2,3,1,1,1,4,1,0,0
CD0218c,1,2,4,2,1,0,1,7,2,1,1
CD0218d,2,1,4,3,1,1,0,5,0,0,2
CD0219a,5,2,4,5,4,3,2,10,1,0,2
CD0219c,2,2,5,3,3,1,3,5,1,1,1
CD0219d,6,1,6,3,2,0,3,4,2,1,0
CD0220a,11,2,5,9,2,1,1,10,2,0,3
CD0220c,2,3,7,1,0,2,1,7,0,0,1
CD0220d,4,3,11,9,6,1,1,10,2,0,2
CD0221a,3,0,0,2,0,1,0,0,0,0,0
CD0221c,0,0,1,1,2,0,0,1,0,0,0
CD0221d,1,0,3,3,1,0,0,1,0,0,0
CD0222a,0,1,2,2,0,2,1,2,0,0,2
CD0222c,0,2,1,1,2,0,0,2,0,0,1
CD0222d,7,3,0,2,0,0,0,1,0,0,2
CD0223a,2,0,2,2,2,1,0,1,0,0,1
CD0223c,2,1,5,0,2,2,0,0,0,0,4
CD0223d,2,2,4,1,5,3,0,3,1,0,1
CD0224a,5,1,5,4,3,3,2,5,1,3,3
CD0224c,3,0,2,4,0,0,0,5,0,0,1
CD0224d,5,2,1,2,2,3,0,1,0,1,1
CD0229a,4,0,1,1,1,1,0,0,0,0,0
CD0229c,2,0,0,1,1,0,0,0,0,0,0
CD0229d,0,0,1,2,1,0,1,1,0,0,0
CD0230a,2,1,2,5,1,2,0,0,0,0,0
CD0230c,1,1,3,6,1,0,0,0,0,0,0
CD0230d,1,0,2,2,3,1,0,0,0,0,1
CD0231a,3,1,2,10,3,4,0,2,0,0,0
CD0231c,0,0,6,9,7,2,0,1,0,1,0
CD0231d,3,1,3,14,6,1,0,0,0,0,1
CD0232a,2,0,0,2,0,1,0,0,0,0,0
CD0232c,1,0,2,1,1,2,0,2,0,0,0
CD0232d,3,0,2,1,1,0,0,0,0,0,0
CD0233a,2,1,4,10,2,0,1,2,0,0,0
CD0233c,3,0,2,5,5,2,0,3,0,1,0
CD0233d,0,0,1,4,4,1,0,0,0,1,0
CD0234a,1,0,5,13,16,1,0,2,1,0,1
CD0234c,3,1,4,5,8,1,0,1,0,0,1
CD0234d,4,1,2,14,7,6,1,2,0,1,0
CD0238a,3,0,0,1,0,0,0,4,0,1,0
CD0238c,2,1,3,1,0,2,0,3,1,0,0
CD0238d,1,0,2,1,0,0,0,6,3,1,3
CD0239a,3,0,2,6,1,2,0,12,1,0,3
CD0239c,1,0,2,6,1,2,0,9,5,0,1
CD0239d,1,0,1,2,2,0,0,5,2,0,5
CD0243a,0,0,2,0,1,0,0,2,0,0,0
CD0243c,1,1,3,8,4,3,1,12,0,2,0
CD0243d,1,0,1,1,2,0,0,6,1,3,0
CD0243e,1,2,1,3,1,0,1,4,0,2,0
CD0245a,0,3,0,0,1,2,0,2,0,4,1
CD0245c,3,2,1,5,2,3,0,2,0,0,2
CD0245d,2,1,7,3,1,1,0,4,0,3,1
CD0245e,3,1,6,9,6,5,0,4,2,4,4
CD0247a,1,2,3,4,0,1,0,2,0,1,0
CD0247c,3,0,4,3,1,1,0,2,0,2,0
CD0247d,0,0,5,3,1,1,0,2,0,0,0
CD0247e,1,1,6,7,1,2,0,1,0,3,0
CD0247f,3,1,4,1,1,1,0,1,0,3,0
CD0248a,4,4,3,5,2,3,0,4,1,1,1
CD0248c,3,5,7,7,3,3,0,6,0,3,0
CD0248d,7,5,6,6,5,3,1,4,0,2,4
CD0248e,6,4,5,6,8,3,0,2,2,2,1
CD0248f,4,1,5,7,4,1,0,7,2,2,1
CD0250d,5,2,3,7,2,1,0,2,0,1,1
CD0250e,2,5,4,1,3,3,0,3,0,1,0
CD0251a,2,0,21,4,2,0,0,6,0,1,0
CD0251c,5,0,7,7,1,1,0,1,0,1,0
CD0251d,2,1,16,4,4,3,0,0,0,3,1
CD0251e,2,1,8,5,4,1,1,1,0,1,0
CD0253a,4,2,2,7,1,1,0,4,0,2,2
CD0253c,0,0,5,1,6,0,0,3,0,3,0
CD0253d,0,0,6,2,5,4,0,2,0,0,1
CD0253e,1,0,3,9,5,1,0,2,0,3,0
CD0254a,5,5,9,3,4,4,1,2,1,1,0
CD0254c,7,3,11,11,2,1,0,5,1,2,1
CD0254d,5,5,9,6,3,4,0,2,0,1,0
CD0254e,4,3,11,13,6,1,1,6,0,0,0
CD0255a,3,0,6,2,1,1,0,1,0,0,1
CD0255c,4,0,1,6,3,2,0,1,0,3,0
CD0255d,2,0,0,2,1,0,0,1,1,1,0
CD0255e,1,0,4,3,2,1,1,2,0,1,0
CD0255f,1,1,6,3,3,3,0,2,0,4,0
CD0255g,5,2,9,5,2,3,0,5,0,4,0
CD0255h,2,0,6,4,2,2,0,4,0,2,0
CD0255i,2,2,8,5,3,2,1,4,0,3,0
CD0255j,3,0,3,2,0,0,0,1,0,1,0
CD0255k,3,0,2,8,3,3,0,2,0,2,0
CD0256a,0,1,4,3,0,1,0,2,0,0,0
CD0256c,0,1,2,0,0,0,0,1,0,0,0
CD0256d,1,0,3,2,0,2,0,3,0,1,0
CD0256e,1,1,2,3,0,3,0,3,0,1,0
CD0256f,2,0,3,1,1,1,0,1,0,0,1
CD0256g,1,1,3,0,2,1,0,3,0,1,0
CD0256h,1,0,1,1,1,0,0,1,0,1,0
CD0256i,2,0,1,0,1,3,0,1,0,0,0
CD0256j,3,1,3,3,0,2,1,1,0,0,0
CD0256k,3,0,10,4,1,1,0,3,0,3,1
CD0257a,4,1,3,2,2,0,0,1,0,1,0
CD0257c,2,2,4,4,1,0,1,0,0,1,0
CD0257d,9,6,1,5,0,2,0,2,0,1,0
CD0257e,3,4,6,2,2,2,1,2,1,1,0
CD0257f,4,1,0,1,1,2,1,1,0,1,0
CD0257g,2,0,5,4,1,0,1,0,0,0,0
CD0257h,0,0,0,2,0,0,0,1,0,1,0
CD0257i,4,3,6,2,2,2,0,1,1,0,0
CD0257j,3,2,2,2,0,1,0,2,0,1,0
CD0258a,1,1,2,0,1,0,0,3,0,1,0
CD0258c,0,0,2,2,2,1,0,1,0,1,0
CD0258d,3,0,4,2,0,0,0,1,0,0,0
CD0258e,2,1,4,0,0,0,0,1,0,1,0
CD0258f,3,1,5,2,4,0,0,0,0,1,0
CD0258g,2,1,3,3,1,0,0,3,0,2,1
CD0258h,4,0,9,3,2,1,0,1,0,0,0
CD0258i,1,0,2,3,2,1,0,1,0,0,0
CD0258j,4,0,2,0,0,0,0,2,0,1,0
CD0259a,4,4,16,4,4,1,0,10,2,3,1
CD0259c,3,6,9,5,6,4,1,5,1,3,1
CD0259d,4,2,14,11,4,3,1,7,1,1,1
CD0259e,3,2,8,4,5,3,0,2,1,0,0
CD0259f,9,2,6,3,5,2,0,6,0,1,2
CD0260a,2,0,6,4,2,2,0,1,1,2,0
CD0260c,2,1,7,2,1,1,0,2,0,0,0
CD0260d,2,2,7,2,1,1,0,3,0,0,1
CD0260e,5,1,3,3,1,1,0,2,0,1,1
CD0260f,7,1,5,3,1,1,0,3,0,1,0
CD0261a,2,0,3,3,0,2,0,0,0,1,0
CD0261c,2,0,1,2,0,0,0,1,0,0,0
CD0261d,2,0,2,0,0,1,0,0,0,0,0
CD0262a,5,0,6,3,2,3,0,0,0,0,1
CD0262c,5,0,7,2,3,2,0,6,0,0,2
CD0263a,11,2,5,5,10,4,0,1,0,0,0
CD0263c,4,5,13,5,7,4,0,1,1,0,1
CD0263d,11,2,7,6,7,4,0,2,1,1,1
CD0264a,1,1,5,4,2,2,0,2,0,0,1
CD0264c,4,0,2,3,0,1,0,1,0,1,1
CD0264d,2,0,2,2,1,1,0,0,0,0,0
CD0265a,4,1,5,2,0,3,1,5,0,0,0
CD0265c,2,1,2,3,3,1,1,0,0,0,2
CD0265d,2,1,2,1,4,0,0,4,0,2,2
CD0266a,8,4,9,10,12,7,2,4,0,1,1
CD0266c,8,1,5,5,3,4,2,3,1,0,3
CD0266d,2,3,6,2,6,2,0,1,0,0,1
CD0267a,2,0,4,1,0,1,0,1,0,0,0
CD0267c,0,1,3,0,0,0,0,1,0,0,0
CD0267d,0,0,0,1,0,0,0,0,0,0,0
CD0268a,4,1,3,1,2,0,0,4,0,1,2
CD0268c,4,1,6,3,5,2,0,1,2,1,0
CD0268d,7,1,14,7,5,5,0,6,0,1,0
CD0269a,4,1,13,2,7,2,2,4,1,0,0
CD0269c,5,1,13,5,9,3,0,5,0,0,1
CD0269d,8,4,18,7,5,4,3,6,1,0,3
CD0270a,2,0,3,2,0,0,0,0,0,1,0
CD0270c,1,0,4,3,0,0,0,0,0,0,0
CD0270d,1,0,0,0,0,0,0,0,0,0,0
CD0271a,1,3,6,2,4,2,1,6,0,2,0
CD0271c,1,4,6,2,2,0,1,5,1,2,2
CD0271d,4,2,4,1,1,1,0,5,0,0,2
CD0272a,2,1,5,3,4,1,0,1,0,0,1
CD0272c,3,1,4,2,6,1,0,1,0,0,1
CD0272d,8,1,4,3,3,3,0,4,0,0,2
CD0273a,2,0,3,1,2,0,0,0,1,0,0
CD0273c,7,2,2,0,1,4,2,6,1,1,0
CD0273d,3,0,1,1,0,0,0,0,0,1,0
CD0274a,13,1,9,0,2,2,0,5,0,0,2
CD0274c,3,4,2,7,3,5,0,3,1,1,2
CD0274d,4,0,7,3,4,0,1,6,1,0,0
CD0275a,1,1,1,3,1,1,0,2,0,0,0
CD0275c,2,0,2,0,0,1,0,1,1,0,0
CD0275d,1,0,1,0,1,0,0,0,0,0,0
CD0276a,7,5,4,4,4,2,1,8,0,0,3
CD0276c,3,1,3,2,4,2,1,7,1,0,0
CD0276d,5,2,6,3,6,2,0,7,0,0,2
CD0277a,3,0,3,0,1,0,1,0,0,1,0
CD0277c,1,0,3,1,0,0,0,0,0,0,0
CD0277d,2,0,2,4,0,0,0,0,0,0,0
CD0278a,0,3,1,5,3,1,1,1,0,0,0
CD0278c,13,0,5,3,3,1,2,3,0,0,0
CD0278d,3,2,8,4,6,2,0,0,0,0,0
CD0279a,4,0,5,0,1,2,1,4,0,1,0
CD0279c,13,3,6,5,8,5,2,6,0,1,2
CD0279d,4,2,6,3,8,1,5,2,0,0,0
CD0280a,0,0,3,0,2,1,0,0,0,0,0
CD0280c,0,1,0,1,0,1,0,0,0,0,0
CD0280d,2,0,2,2,0,0,0,3,0,1,0
CD0281a,4,0,4,4,6,3,1,3,0,0,0
CD0282a,6,1,10,6,9,5,1,5,0,1,0
CD0282c,6,6,6,5,4,2,2,3,0,2,2
CD0283a,1,0,1,2,0,1,0,1,0,0,0
CD0283c,2,0,0,1,0,0,0,0,0,0,0
CD0283d,0,0,0,1,0,0,0,0,1,0,1
CD0284a,3,2,5,6,7,3,1,2,0,0,0
CD0284c,1,1,1,1,2,1,0,3,0,0,2
CD0285a,8,6,10,4,8,6,2,3,1,1,1
CD0285c,4,4,13,12,7,5,1,2,0,2,0
CD0285d,5,3,13,4,6,4,1,11,1,0,2
CD0286a,1,0,0,2,0,1,0,5,2,0,1
CD0286c,5,1,3,3,1,3,1,8,3,1,2
CD0286d,3,0,2,2,0,0,0,4,1,0,0
CD0287a,5,3,11,7,1,4,1,5,1,1,0
CD0287c,5,1,9,8,4,2,1,2,0,1,2
CD0287d,2,2,9,5,5,1,1,8,1,0,0
CD0288a,13,4,11,15,12,6,5,8,1,1,5
CD0288c,12,6,14,10,3,5,2,9,0,0,0
CD0288d,10,6,13,12,7,5,4,3,1,2,3
CD0289a,1,0,3,1,1,1,0,1,0,0,1
CD0289c,1,0,0,1,1,0,0,0,0,0,0
CD0289d,2,0,1,0,0,0,0,0,0,1,0
CD0290a,2,1,3,3,5,2,0,1,3,1,3
CD0290c,3,1,5,5,0,3,0,2,1,1,1
CD0291a,0,3,4,3,5,4,1,2,0,1,2
CD0291c,4,5,3,3,4,4,1,2,1,0,1
CD0292a,2,1,1,0,1,0,0,0,0,0,0
CD0292c,1,0,0,2,0,1,0,1,1,0,0
CD0292d,1,0,0,5,1,1,0,0,0,0,0
CD0293a,1,2,3,2,5,2,0,4,0,0,1
CD0293c,3,3,7,4,3,2,2,2,0,0,1
CD0293d,1,1,3,4,1,0,0,3,0,0,1
CD0294a,5,7,4,2,8,4,1,4,1,3,3
CD0294c,7,5,7,5,11,1,4,10,1,3,3
CD0296a,3,0,1,0,2,2,0,1,0,0,1
CD0296c,0,1,2,1,0,0,0,0,0,0,0
CD0296d,0,0,2,2,2,1,0,0,0,0,0
CD0297a,0,2,4,3,2,3,0,1,0,0,0
CD0297c,0,0,10,8,5,2,2,3,0,0,0
CD0297d,3,2,11,7,4,2,2,1,0,1,0
CD0307a,0,0,2,2,1,0,0,1,0,0,0
CD0307c,0,0,0,2,0,0,0,0,0,0,0
CD0307d,1,0,4,0,0,0,0,0,0,0,0
CD0308a,3,1,5,3,2,7,1,3,0,0,0
CD0308c,2,1,1,0,3,2,2,1,0,1,1
CD0308d,1,3,8,1,1,1,0,5,1,1,0
CD0309a,4,2,3,1,0,0,0,2,0,1,1
CD0309c,6,5,6,2,8,3,0,6,0,1,2
CD0309d,2,1,3,4,3,3,0,2,0,0,1
CD0310a,3,0,3,1,0,0,0,0,1,0,0
CD0310c,2,0,1,1,0,0,0,0,0,0,0
CD0310d,2,0,1,2,0,0,0,0,0,0,0
CD0311a,1,1,12,7,1,0,2,5,2,0,0
CD0311c,5,0,5,2,6,1,3,0,0,2,2
CD0311d,1,2,4,2,8,1,0,4,1,1,2
CD0312a,7,5,18,2,3,2,0,6,0,1,2
CD0312c,6,0,3,4,5,2,3,5,1,1,1
CD0312d,4,0,13,7,4,2,1,11,1,1,4
CD0313a,3,0,3,0,2,3,0,2,2,1,0
CD0313c,0,1,3,2,0,3,0,1,0,0,0
CD0313d,2,0,1,1,0,0,0,1,0,1,1
CD0314a,2,4,6,3,4,1,1,4,0,1,1
CD0314c,7,5,5,9,2,5,3,3,1,3,1
CD0315a,9,8,11,7,5,5,3,4,2,0,2
CD0315c,13,5,14,13,9,5,2,6,0,3,3
CD0316a,1,1,1,1,0,2,0,0,0,0,0
CD0316c,4,1,1,2,0,3,0,1,0,0,0
CD0316d,0,2,1,4,1,1,1,2,0,0,0
CD0317a,9,5,1,3,3,6,2,3,1,0,2
CD0317c,3,4,2,6,3,3,0,4,0,0,0
CD0317d,4,4,6,2,2,1,0,4,0,1,2
CD0318a,11,4,12,3,10,9,3,7,0,2,3
CD0318c,14,3,26,7,14,8,6,9,2,0,1
CD0318d,4,2,15,7,10,5,1,5,0,2,1
CD0319a,0,0,0,0,0,1,0,1,0,0,4
CD0319c,0,0,0,0,0,2,0,0,0,0,1
CD0319d,1,0,0,0,1,0,0,0,0,0,2
CD0320a,2,1,1,1,1,0,0,2,0,2,1
CD0320c,2,1,1,1,2,0,1,3,0,3,4
CD0320d,5,2,4,2,3,0,1,5,0,0,0
CD0321a,1,3,5,2,4,0,0,7,1,4,2
CD0321c,4,4,9,11,5,3,1,0,0,0,0
CD0321d,1,3,3,5,2,4,0,5,0,3,3
CD0322a,0,3,0,2,0,1,0,0,0,1,1
CD0322c,0,1,1,1,0,1,0,0,0,0,0
CD0322d,2,0,0,2,1,2,0,0,0,0,0
CD0323a,2,2,4,6,2,1,2,9,0,1,3
CD0323c,1,1,4,1,2,2,3,1,1,0,2
CD0324a,3,2,6,3,4,4,0,8,0,0,0
CD0324c,4,3,7,2,9,0,1,9,1,0,2
CD0325a,1,0,2,1,1,1,0,0,0,0,0
CD0325c,0,0,7,0,0,1,0,0,0,1,0
CD0325d,0,0,1,0,1,0,0,0,0,0,0
CD0326a,5,1,10,1,2,4,1,3,0,3,0
CD0326c,2,5,16,6,8,4,0,8,0,1,1
CD0326d,4,2,11,4,3,4,0,7,0,0,0
CD0327a,0,1,1,0,1,1,0,2,0,0,0
CD0327c,2,1,3,2,1,1,0,0,0,0,0
CD0327d,1,0,0,2,0,0,0,2,0,1,0
CD0328a,8,6,11,5,5,2,3,3,0,1,1
CD0328c,5,4,12,8,7,0,0,3,1,1,1
CD0328d,4,3,1,4,4,1,2,3,0,0,1
CD0329a,14,4,12,6,4,6,0,3,0,0,1
CD0329c,3,4,6,5,8,5,2,5,0,1,3
CD0329d,14,4,10,9,12,9,3,5,2,0,1
CD0332a,0,0,3,2,0,1,0,1,0,0,0
CD0332c,3,1,1,2,0,0,0,1,0,0,0
CD0332d,0,0,1,0,1,0,0,2,0,0,0
CD0333a,8,3,6,4,9,4,0,2,0,0,1
CD0333c,3,2,6,4,5,3,3,9,0,3,2
CD0334a,2,11,13,6,10,5,0,3,0,2,4
CD0334d,10,5,11,5,11,3,3,7,2,0,3
CD0337a,1,0,1,1,2,0,0,0,0,0,0
CD0337c,1,0,0,2,2,0,0,0,0,0,0
CD0337d,1,0,4,2,0,0,0,3,0,1,0
CD0338a,3,1,2,4,8,2,1,1,1,0,2
CD0338c,3,1,3,4,2,1,1,2,0,1,1
CD0338d,1,1,6,5,5,1,0,2,0,0,4
CD0339a,1,3,2,3,1,0,0,3,0,1,1
CD0339c,2,0,1,2,0,1,0,2,0,0,1
CD0339d,0,1,3,2,1,0,0,3,0,1,1
CD0340a,2,0,2,4,1,1,1,1,0,1,2
CD0340c,0,2,2,2,1,1,0,0,0,0,2
CD0340d,2,0,3,1,0,0,3,6,0,1,1
CD0341a,24,0,28,15,34,12,0,163,0,130,0
CD0341c,16,1,28,16,32,17,1,200,0,108,0
CD0341d,19,0,28,15,33,20,0,209,0,142,0
CD0342a,24,5,43,14,34,15,3,173,0,158,0
CD0342c,21,2,41,18,29,11,3,195,2,121,1
CD0342d,24,3,28,16,31,10,3,220,2,128,2
CD0343a,42,2,38,18,30,23,3,187,0,111,1
CD0343c,29,5,46,11,50,15,1,210,1,138,1
CD0343d,27,5,31,21,36,16,2,175,0,127,0
CD0344a,1,0,2,0,1,1,0,0,0,0,0
CD0344c,2,0,1,1,1,2,0,0,0,0,1
CD0344d,2,0,1,2,1,0,0,1,0,3,2
CD0345a,1,1,5,6,6,2,0,4,0,0,3
CD0345c,5,1,2,6,2,2,3,13,1,0,9
CD0345d,9,2,5,5,8,2,0,4,1,2,3
CD0349a,7,0,4,3,2,0,1,2,0,0,5
CD0350a,1,0,1,1,0,0,0,2,0,2,0
CD0350c,1,0,2,1,2,0,0,0,0,1,0
CD0350d,1,0,0,1,0,0,0,0,0,0,0
CD0351a,2,0,0,3,2,1,1,2,0,3,0
CD0351c,1,1,3,0,0,0,0,1,1,0,1
CD0352a,1,0,2,0,0,1,1,1,0,1,0
CD0352c,0,1,0,1,0,0,0,0,0,0,0
CD0352d,2,0,3,1,0,0,0,0,0,0,0
CD0353a,5,4,4,5,3,2,0,1,0,0,0
CD0353c,5,0,2,4,2,2,0,2,0,0,0
CD0353d,0,0,2,0,0,0,0,0,0,1,0
CD0354a,5,6,9,8,9,5,0,3,0,0,0
CD0354c,7,3,10,8,10,3,1,1,0,1,1
CD0354d,2,0,0,0,0,1,0,0,0,0,0
CD0355a,3,0,3,1,0,0,0,0,0,0,0
CD0355c,3,0,3,2,0,1,0,1,0,1,0
CD0355d,1,0,2,1,0,2,0,1,0,0,0
CD0356a,7,2,6,1,6,2,2,0,0,1,0
CD0356c,5,2,7,7,2,3,2,0,0,0,0
CD0356d,4,1,5,4,3,3,2,0,0,0,1
CD0357a,8,7,9,3,8,3,2,4,0,1,0
CD0357c,7,4,14,7,6,3,3,1,0,1,0
CD0357d,4,3,5,8,2,3,0,4,0,0,0
CD0358a,2,0,7,1,1,1,0,0,0,0,0
CD0358c,1,0,4,0,2,1,0,0,0,0,0
CD0358d,1,0,3,0,1,0,0,1,0,0,0
CD0359a,1,1,9,1,3,0,1,1,1,2,0
CD0359c,2,1,2,6,4,1,3,6,0,2,2
CD0360a,4,2,7,1,3,3,2,1,0,1,1
CD0360c,7,1,10,5,13,3,2,5,0,0,1
CD0360d,2,0,3,1,1,2,0,1,0,1,0
CD0361a,1,0,2,2,1,0,0,0,0,0,0
CD0361c,3,0,3,1,2,0,0,2,0,1,0
CD0361d,2,0,3,1,0,1,0,0,0,0,0
CD0362a,6,2,8,5,4,3,0,5,1,1,4
CD0362c,5,2,3,1,2,1,3,3,0,0,2
CD0362d,5,0,4,3,0,1,0,2,1,0,0
CD0363a,0,0,1,0,1,0,0,2,0,0,1
CD0363c,3,0,1,1,2,0,0,1,0,2,0
CD0363d,0,0,1,1,0,0,0,0,0,0,0
CD0364a,1,0,7,1,2,1,0,13,2,1,7
CD0364c,5,1,3,1,3,2,0,8,3,2,3
CD0364d,1,1,3,3,0,1,1,11,1,1,3
CD0365a,1,0,1,0,0,0,0,1,0,0,0
CD0365c,5,0,4,0,1,1,0,0,0,0,0
CD0365d,1,0,0,2,1,0,0,0,0,0,2
CD0367a,2,0,0,1,0,0,0,0,0,0,2
CD0367c,3,0,2,2,1,1,0,1,0,1,2
CD0367d,1,2,1,0,0,0,0,1,0,1,0
CD0369a,2,1,4,4,0,3,1,0,0,2,0
CD0369c,1,1,5,2,0,2,0,4,0,1,0
CD0369d,1,1,3,4,1,0,0,2,0,0,0
CD0369e,1,1,2,3,0,1,0,4,0,2,0
CD0369f,1,2,8,3,1,2,0,7,0,0,0
CD0370a,5,2,5,8,2,2,0,1,0,3,1
CD0370c,4,2,7,4,2,1,0,1,0,0,0
CD0370d,4,2,9,3,3,5,0,4,0,2,1
CD0370e,8,1,8,3,2,1,1,1,0,0,0
CD0370f,0,0,0,1,2,1,0,1,0,0,0
CD0371a,1,0,1,0,0,0,0,0,0,0,0
CD0371c,0,0,0,2,0,1,0,0,0,0,0
CD0372a,0,0,1,1,1,0,0,0,0,0,0
CD0373a,1,1,2,4,0,1,0,3,0,3,1
CD0373c,1,1,3,0,0,1,1,2,0,0,0
CD0373d,2,1,0,2,1,0,0,1,0,0,0
CD0373e,2,0,2,3,0,0,0,1,0,1,0
CD0373f,0,0,2,1,3,4,0,1,0,0,0
CD0373g,1,1,2,1,1,0,0,2,0,0,0
CD0373h,1,0,6,5,2,1,0,1,0,2,0
CD0373i,4,0,2,3,0,2,0,0,0,0,1
CD0373j,2,1,3,1,0,0,0,0,0,1,1
CD0373k,1,1,0,2,3,0,0,1,0,0,1
CD0374a,2,0,5,2,0,1,1,12,2,3,3
CD0374c,4,3,3,1,2,0,0,11,4,2,0
CD0374d,8,1,6,3,2,0,0,9,3,3,2
CD0374e,7,1,0,3,3,2,0,10,6,4,2
CD0374f,4,1,3,7,1,1,1,12,7,2,1
CD0374g,4,4,5,1,2,2,1,10,5,1,4
CD0374h,3,0,4,8,1,2,0,10,3,0,3
CD0374i,7,0,5,5,2,0,0,11,2,2,3
CD0375a,3,3,4,3,4,1,0,1,0,3,0
CD0375c,0,1,7,5,3,4,0,2,1,2,0
CD0375d,0,2,3,7,4,1,0,3,0,2,0
CD0375e,1,3,7,1,3,3,0,4,0,4,0
CD0376c,0,0,5,2,2,3,0,2,0,1,1
CD0376d,3,0,9,3,1,1,0,0,0,0,0
CD0376e,0,1,2,1,0,0,0,0,0,0,0
CD0377a,1,0,2,1,0,1,0,0,0,0,0
CD0378a,1,0,3,3,2,0,0,1,0,1,0
CD0378c,1,0,1,2,1,0,0,0,0,2,0
CD0378d,4,1,4,1,1,2,0,2,0,0,0
CD0378f,2,1,1,1,0,0,0,0,0,0,0
CD0378g,2,0,2,1,3,1,0,0,0,1,0
CD0378h,3,1,3,2,2,2,0,0,0,0,0
CD0378i,2,0,0,2,2,1,0,0,0,0,1
CD0378j,2,0,4,3,1,1,0,0,0,0,0
CD0378k,1,1,5,2,0,0,0,1,0,2,0
CD0379a,5,0,2,3,2,1,0,1,0,0,0
CD0379c,2,0,5,2,0,2,0,2,1,1,0
CD0379d,4,0,3,1,0,1,0,3,0,0,0
CD0379e,2,2,3,0,0,1,0,3,0,0,1
CD0379f,2,0,3,2,3,1,1,1,0,0,0
CD0379g,2,2,2,3,4,0,0,2,0,2,1
CD0379h,3,1,4,1,1,1,0,2,0,1,0
CD0379i,1,1,0,1,3,1,0,2,0,0,0
CD0379j,3,1,3,1,0,2,0,2,0,1,0
CD0379k,3,2,1,2,1,2,0,1,0,0,0
CD0381a,2,1,5,4,0,1,0,2,0,0,4
CD0381c,2,0,5,5,0,1,0,1,0,1,1
CD0381d,3,1,3,3,1,0,0,6,1,3,0
CD0382a,3,0,7,2,1,0,0,3,0,1,5
CD0382c,3,2,1,2,4,1,0,7,1,1,1
CD0383a,1,0,2,2,0,0,0,2,0,3,0
CD0383c,2,0,2,5,3,1,0,2,0,0,0
CD0383d,1,0,4,1,2,2,0,1,0,1,0
CD0383e,0,0,5,3,1,0,1,3,0,0,0
CD0383f,4,0,5,1,2,2,0,0,0,2,1
CD0384a,1,1,2,0,2,2,0,1,0,1,0
CD0384c,8,0,6,8,4,2,0,7,0,1,1
CD0384d,1,3,2,5,1,1,0,1,0,1,1
CD0384d2,4,3,2,5,1,1,0,1,0,1,0
CD0384e,4,2,5,4,2,4,0,1,0,2,0
CD0384f,8,0,9,8,4,5,0,7,0,1,1
CD0385a,2,2,8,0,0,0,1,2,0,1,0
CD0385c,3,0,4,4,1,1,0,3,0,1,0
CD0385d,2,0,3,3,2,1,0,4,1,0,0
CD0385e,2,0,4,2,1,0,0,4,0,1,0
CD0385f,3,0,3,2,0,4,0,2,0,1,0
CD0386a,7,0,8,1,3,0,0,6,0,3,0
CD0386c,4,1,12,9,4,0,0,6,0,2,0
CD0386d,1,1,2,1,2,2,0,2,0,2,0
CD0386e,3,1,3,5,1,1,0,5,0,1,0
CD0387a,1,0,4,7,4,1,0,1,0,2,1
CD0387c,2,0,3,2,3,3,0,0,0,1,0
CD0387d,2,1,4,5,1,1,0,1,0,0,0
CD0388a,2,1,5,4,1,2,1,1,0,2,1
CD0388c,1,1,4,4,1,1,0,3,0,3,1
CD0388d,2,1,2,4,1,0,1,4,0,0,0
CD0388e,5,0,3,1,0,1,0,0,0,0,0
CD0388f,3,1,5,5,2,3,0,4,0,2,0
CD0389a,1,2,5,6,0,1,0,5,1,1,0
CD0389c,2,4,7,3,1,2,1,5,0,0,1
CD0389d,2,3,3,3,2,2,0,2,0,2,0
CD0389e,2,4,3,3,1,1,1,6,0,0,0
CD0389f,4,1,5,7,3,1,0,4,1,1,0
CD0389g,3,0,4,0,2,0,2,3,0,0,1
CD0389h,2,3,2,7,6,1,0,5,0,1,1
CD0389i,4,2,3,5,2,5,0,3,0,0,0
CD0389j,3,1,4,5,2,2,0,2,0,1,0
CD0389k,2,1,1,4,1,0,0,6,0,1,1
CD0390a,2,1,7,6,2,4,0,0,0,3,3
CD0390c,3,0,8,2,0,2,0,3,1,1,5
CD0391a,2,2,2,7,0,3,0,2,0,1,0
CD0391c,2,1,3,0,0,1,0,0,0,0,0
CD0391d,2,2,7,2,1,0,0,0,0,0,1
CD0391e,1,0,2,1,0,2,0,1,1,0,0
CD0391f,3,0,2,3,2,0,0,3,0,1,0
CD0391g,1,0,1,1,3,1,0,1,0,0,0
CD0391h,3,0,2,1,1,0,0,1,0,3,0
CD0391i,4,4,4,0,2,0,0,7,0,0,0
CD0391j,0,0,4,1,3,1,0,4,0,1,2
CD0391k,2,2,0,0,0,4,0,1,0,1,0
CD0392a,0,0,0,0,0,0,0,0,0,0,0
CD0393a,1,1,1,3,0,1,0,0,0,0,0
CD0393c,0,0,3,2,0,0,0,1,0,0,0
CD0393d,1,0,2,2,2,0,0,0,0,1,0
CD0394a,4,2,7,4,4,1,1,3,0,0,0
CD0394c,4,2,4,2,5,1,0,5,1,1,1
CD0394d,8,4,5,5,2,1,2,4,0,1,2
CD0395a,2,2,4,5,5,4,1,4,1,2,1
CD0395c,8,6,9,9,9,9,2,2,0,0,0
CD0396a,2,0,5,0,1,1,0,2,0,0,1
CD0396c,1,1,14,1,4,0,2,1,0,0,0
CD0396d,1,0,0,2,1,1,0,0,0,0,0
CD0397a,6,0,1,7,3,4,2,3,0,1,0
CD0397c,7,1,13,10,6,2,5,5,1,0,1
CD0397d,11,3,10,12,4,4,5,8,0,1,1
CD0398a,23,8,29,13,6,9,17,16,2,1,1
CD0398c,28,6,64,16,16,6,14,8,2,0,1
CD0398d,17,9,22,13,11,12,10,15,4,2,2
CD0399a,2,0,2,5,0,0,0,0,0,0,0
CD0399c,1,0,2,0,2,1,1,1,0,0,0
CD0399d,2,0,1,1,1,0,0,0,0,0,0
CD0400a,6,2,7,7,6,2,6,9,0,2,3
CD0400c,10,11,18,9,7,6,4,6,0,2,1
CD0400d,6,1,4,4,6,0,2,6,0,3,2
CD0401a,1,0,1,3,1,0,0,2,0,0,0
CD0401c,0,0,2,2,0,1,0,0,0,0,0
CD0401d,0,1,3,0,3,0,1,0,0,1,1
CD0402a,10,1,16,8,3,1,6,5,0,1,1
CD0402c,9,5,12,6,7,2,2,6,0,3,4
CD0403a,16,9,21,24,12,7,9,17,1,2,7
CD0404a,2,0,0,4,0,2,0,1,0,0,0
CD0404c,3,0,2,0,0,1,0,0,0,0,0
CD0404d,1,1,6,0,0,0,0,1,0,0,0
CD0405a,1,0,5,11,6,4,0,2,0,0,0
CD0405c,4,1,4,14,10,1,0,2,0,0,0
CD0405d,3,1,5,14,10,4,0,1,0,0,1
CD0406a,4,1,9,27,19,7,0,1,0,0,0
CD0406c,9,1,7,36,29,4,0,2,0,1,0
CD0406d,4,3,2,38,22,7,1,3,0,0,0
CD0407a,4,0,0,1,0,1,0,0,0,0,0
CD0407c,3,1,1,2,2,0,0,1,0,1,0
CD0407d,3,0,2,1,1,0,0,0,0,1,0
CD0408a,4,1,7,28,11,3,0,1,0,0,0
CD0408c,2,0,6,15,11,2,1,2,0,0,1
CD0408d,1,0,5,20,8,3,0,2,0,0,0
CD0409a,5,3,6,45,33,10,1,2,0,1,1
CD0409c,6,2,9,67,29,13,0,6,1,1,1
CD0409d,5,2,3,54,33,9,0,2,0,0,1
CD0413a,2,0,3,0,0,0,0,1,0,1,0
CD0413c,9,0,2,5,1,1,0,4,0,0,0
CD0413d,3,2,3,4,0,2,0,0,0,0,0
CD0414a,4,1,9,23,8,4,0,2,1,0,0
CD0414c,9,1,5,13,6,3,0,4,1,0,0
CD0414d,6,1,7,21,6,7,0,3,0,1,0
CD0415a,9,4,12,65,22,11,1,4,0,1,0
CD0415c,4,1,5,42,26,3,0,7,0,0,4
CD0415d,5,0,7,29,18,3,0,1,0,0,0
CD0416a,1,0,4,1,1,0,0,0,0,1,0
CD0416c,2,0,4,0,1,3,0,1,0,0,1
CD0416d,3,3,2,1,1,2,0,1,0,0,2
CD0417a,7,0,4,12,5,3,0,1,0,0,0
CD0417c,3,0,2,14,7,2,0,0,0,0,0
CD0417d,6,1,6,12,13,2,0,0,0,0,0
CD0418a,2,1,10,43,18,4,1,1,0,0,0
CD0418c,2,0,3,41,22,7,0,3,0,0,2
CD0418d,8,1,9,35,20,8,0,1,0,2,1
CD0419a,2,1,2,2,1,1,0,3,0,0,0
CD0419c,6,3,2,5,0,0,0,4,0,0,0
CD0419d,3,4,2,1,2,1,0,1,0,0,0
CD0420a,4,0,8,24,7,3,1,2,0,0,0
CD0420c,5,0,10,26,12,4,0,3,2,1,0
CD0420d,9,1,2,17,10,2,0,1,0,0,0
CD0421a,4,1,10,62,34,9,0,3,1,1,2
CD0421c,9,2,11,56,29,3,0,3,2,0,2
CD0421d,7,7,14,52,37,9,0,2,0,2,2
CD0422a,2,0,0,2,0,1,0,0,0,0,0
CD0422c,2,0,5,2,0,1,0,0,0,0,0
CD0422d,44,1,26,17,0,4,1,0,0,0,1
CD0423a,2,0,4,17,11,2,0,2,2,0,0
CD0423c,3,0,5,17,13,3,2,2,1,0,0
CD0423d,4,2,6,13,9,1,0,1,0,1,2
CD0424a,10,1,7,32,27,4,0,7,0,0,1
CD0424c,5,1,6,40,16,8,1,2,0,0,4
CD0424d,8,1,10,37,25,3,1,5,1,0,1
CD0428a,2,0,4,3,0,0,0,0,0,0,0
CD0428c,1,1,1,0,0,0,0,1,0,0,0
CD0428d,1,0,2,1,0,1,0,1,0,0,0
CD0429a,3,0,4,8,8,5,0,0,0,0,1
CD0429c,2,2,3,10,8,3,0,0,0,1,4
CD0429d,3,0,2,16,12,3,1,0,1,1,0
CD0430a,5,2,1,56,22,3,1,1,0,0,1
CD0430c,7,2,5,38,26,4,0,0,0,0,1
CD0430d,4,3,3,22,16,3,1,0,0,2,5
CD0431a,1,0,1,2,0,0,0,0,0,0,1
CD0431c,2,0,5,2,1,0,0,0,0,1,3
CD0431d,5,0,3,2,0,1,0,0,0,0,2
CD0432a,1,0,4,3,0,1,0,1,0,0,1
CD0432c,5,0,5,5,1,0,0,0,0,0,3
CD0433a,2,1,1,9,6,1,0,0,0,0,2
CD0433c,5,0,4,9,2,1,0,0,0,0,3
CD0433d,4,1,1,9,2,1,0,0,0,0,1
CD0434a,3,0,4,25,12,6,0,0,0,0,3
CD0434c,2,1,5,18,13,3,0,3,0,0,5
CD0434d,5,1,3,14,8,1,0,0,0,0,0
CD0435a,10,1,5,41,12,7,0,0,1,0,1
CD0436a,2,0,0,1,0,0,0,1,0,0,2
CD0436c,0,1,3,0,0,1,0,0,0,1,2
CD0436d,0,1,4,0,0,0,0,0,0,0,3
CD0437a,3,1,6,3,5,2,0,0,0,0,3
CD0437c,1,0,4,3,1,2,0,0,0,1,2
CD0437d,1,1,4,3,4,3,0,0,0,0,0
CD0438a,2,4,4,1,2,2,1,1,0,0,0
CD0438c,0,2,6,0,2,1,0,1,0,0,1
CD0438d,9,1,6,2,2,8,2,0,0,0,0
CD0439a,10,2,4,32,15,9,0,3,0,1,0
CD0439c,6,6,7,17,13,10,0,1,1,1,2
CD0439d,6,2,8,34,10,12,0,1,0,1,0
CD0440a,17,3,12,64,34,19,1,2,0,0,0
CD0440c,12,8,11,65,31,18,2,2,1,1,0
CD0440d,12,6,12,64,29,9,1,5,0,2,0
CD0441a,3,0,3,4,1,2,2,1,1,0,1
CD0441c,4,0,3,2,1,0,0,0,0,0,0
CD0441d,6,1,4,4,2,3,0,7,0,1,0
CD0442a,11,7,10,39,27,11,1,2,0,0,0
CD0442c,9,4,5,23,37,6,0,0,0,0,0
CD0442d,3,7,6,48,19,8,0,1,1,1,0
CD0443a,18,9,12,137,68,38,1,7,0,0,2
CD0443c,22,17,16,126,82,28,0,3,1,4,3
CD0443d,21,14,13,117,66,29,3,5,0,2,3
CD0444a,1,0,3,2,0,1,0,1,0,0,0
CD0444c,0,0,1,2,0,1,0,0,0,0,0
CD0444d,1,0,1,1,0,2,0,2,0,0,0
CD0445a,0,1,5,15,7,9,2,1,1,0,2
CD0445c,2,1,3,19,8,5,0,1,0,1,0
CD0445d,2,2,4,27,11,1,0,1,0,1,1
CD0446a,8,5,9,51,29,6,1,6,3,0,1
CD0446c,7,3,7,50,30,18,0,4,0,2,2
CD0446d,10,3,8,53,31,12,0,8,0,0,0
CD0447a,1,0,2,0,0,1,0,0,0,0,0
CD0447c,4,0,2,1,1,1,0,1,0,0,0
CD0447d,1,0,1,0,2,0,0,0,0,0,0
CD0448a,1,0,7,12,11,4,0,2,0,1,0
CD0448c,1,1,3,20,9,2,0,2,0,0,0
CD0448d,2,1,5,21,8,3,0,1,1,0,2
CD0449a,2,3,3,53,24,9,0,1,0,0,0
CD0449c,7,1,8,35,25,8,0,0,0,3,0
CD0449d,5,3,4,37,34,6,1,1,0,2,5
CD0450a,5,1,1,2,2,1,0,0,0,0,0
CD0450c,2,1,0,1,0,2,0,0,0,0,0
CD0450d,0,0,2,0,0,0,0,1,0,0,0
CD0451a,10,2,9,55,31,14,1,4,1,2,0
CD0451c,10,2,7,39,29,15,0,1,0,0,0
CD0451d,7,4,6,60,30,18,0,2,0,0,0
CD0452a,13,10,12,82,86,37,1,4,0,2,0
CD0452c,8,7,10,91,61,32,1,2,0,0,0
CD0452d,18,8,11,109,76,37,1,3,1,2,0
CD0453a,21,1,21,13,26,12,1,129,0,101,0
CD0453c,21,1,28,12,25,9,0,150,0,106,0
CD0453d,14,2,22,11,21,12,1,147,0,78,0
CD0454a,16,0,25,29,37,21,0,136,1,93,0
CD0454c,20,0,28,32,39,9,0,117,0,76,1
CD0454d,15,2,27,28,32,19,0,127,0,92,0
CD0455a,30,5,34,49,58,24,0,143,0,87,1
CD0455c,21,2,34,57,61,25,2,158,0,90,0
CD0455d,30,5,41,74,72,23,2,131,0,92,2
CD0456a,2,1,7,0,0,0,0,0,0,1,0
CD0456c,1,2,2,1,1,0,0,0,0,0,0
CD0456d,2,0,6,1,0,0,0,1,0,0,0
CD0457a,6,1,11,14,10,2,0,0,0,0,0
CD0457c,5,2,8,9,5,1,0,2,0,0,0
CD0457d,2,0,6,15,7,4,0,1,0,0,1
CD0458a,8,2,12,39,29,2,0,2,0,0,0
CD0458c,3,5,10,43,14,8,0,2,0,0,0
CD0458d,5,0,11,51,24,10,1,1,0,1,1
CD0459a,1,1,3,2,0,0,0,0,0,0,0
CD0459c,2,0,2,0,3,1,0,0,0,0,0
CD0459d,2,0,2,0,1,0,0,0,0,0,0
CD0460a,1,0,1,15,5,3,0,0,0,0,0
CD0460c,4,0,3,12,12,4,0,2,0,1,1
CD0460d,4,1,5,16,5,2,1,2,0,0,1
CD0461a,2,0,5,32,20,3,1,1,0,0,0
CD0461c,9,0,7,41,20,5,0,1,0,1,1
CD0461d,3,1,7,47,19,3,0,0,0,1,0
CD0462a,0,0,1,2,0,1,0,0,0,0,1
CD0462c,2,0,0,1,1,1,0,0,0,0,0
CD0462d,2,0,0,0,1,1,1,0,0,1,0
CD0463a,3,1,3,17,8,3,0,0,0,0,0
CD0463c,7,1,3,14,5,2,0,1,0,2,1
CD0463d,4,1,2,20,13,2,0,1,0,0,1
CD0464a,8,2,4,33,23,5,0,1,0,1,1
CD0464c,7,0,8,38,17,7,0,2,0,1,0
CD0464d,5,2,10,42,28,9,1,2,0,0,0
CD0465a,0,0,7,1,0,0,0,0,0,0,0
CD0465c,0,1,1,2,0,0,0,1,0,0,0
CD0465d,3,0,1,2,0,0,0,0,0,0,0
CD0466a,5,0,5,15,8,4,0,2,1,0,0
CD0466c,5,1,8,24,13,2,0,0,0,1,0
CD0466d,4,2,9,12,10,5,0,0,0,0,4
CD0467a,13,3,3,71,36,9,1,3,0,0,1
CD0467c,10,1,7,55,31,13,1,3,0,2,1
CD0467d,7,3,8,70,36,9,0,3,0,0,1
CD0468a,2,0,3,1,0,0,0,0,0,0,0
CD0468c,5,0,1,1,0,0,0,0,0,0,0
CD0468d,3,0,2,0,0,1,0,0,0,1,0
CD0469a,6,1,3,21,9,3,0,0,0,1,0
CD0469c,5,1,2,22,6,8,0,1,0,1,0
CD0469d,3,0,8,21,19,4,1,1,0,0,0
CD0470a,5,3,5,54,32,11,0,2,0,2,2
CD0470c,6,5,9,44,24,3,0,3,0,0,0
CD0470d,6,1,5,50,18,10,1,2,0,1,1
CD0471a,5,3,4,40,11,5,0,2,0,1,1
CD0471c,5,0,2,0,1,1,0,0,0,1,0
CD0471d,2,0,0,3,1,0,0,0,0,0,0
CD0472a,4,1,3,9,7,2,0,1,0,2,2
CD0472c,4,2,4,15,9,5,0,0,0,0,0
CD0472d,6,0,3,18,10,1,0,2,0,0,0
CD0473a,4,1,6,30,31,6,0,2,0,0,2
CD0473c,3,2,7,39,22,8,1,3,0,2,1
CD0474a,4,1,1,3,0,1,0,0,0,0,0
CD0475a,1,0,4,5,2,1,0,1,0,0,0
CD0475c,2,0,3,1,1,1,0,1,0,0,0
CD0475d,4,1,2,1,1,0,0,1,0,0,0
CD0476a,6,1,6,17,7,4,0,2,0,0,0
CD0476c,4,1,7,17,10,2,0,1,0,0,4
CD0476d,5,0,4,9,14,2,0,1,0,1,1
CD0477a,8,2,4,50,23,5,0,1,0,3,1
CD0477c,7,1,5,33,22,7,0,4,0,0,0
CD0477d,7,4,10,63,27,7,0,6,1,0,2
CD0478a,0,0,4,1,0,0,0,0,0,0,0
CD0478c,1,0,3,1,1,0,0,1,0,0,0
CD0478d,1,1,0,3,0,0,0,1,0,0,0
CD0479a,6,1,2,13,5,1,0,1,0,0,0
CD0479c,6,0,5,15,7,5,0,3,0,0,1
CD0479d,2,0,4,5,8,2,0,0,0,0,0
CD0480a,6,1,3,1,1,0,0,0,0,0,0
CD0480c,7,0,1,1,0,0,0,0,0,0,0
CD0480d,5,0,1,0,0,1,0,2,0,0,0
CD0481a,5,0,1,33,5,2,1,1,0,1,0
CD0481c,9,1,7,34,5,5,0,3,0,2,0
CD0481d,4,1,4,18,14,3,0,2,2,0,0
CD0482a,8,3,10,50,36,11,0,6,0,1,1
CD0482c,4,1,5,31,28,6,0,4,0,1,1
CD0482d,8,0,11,45,23,6,0,4,1,1,0
CD0483a,3,0,2,2,1,0,0,0,0,0,0
CD0483c,1,0,1,2,2,0,1,0,0,0,0
CD0483d,3,0,2,2,0,1,0,1,0,0,0
CD0484a,6,0,46,19,16,2,0,1,1,0,0
CD0484c,5,1,53,16,8,4,0,1,1,0,0
CD0484d,5,1,33,11,8,2,0,1,1,0,0
CD0485a,8,3,98,56,33,8,2,1,0,2,1
CD0485c,5,1,124,54,25,7,0,2,1,0,0
CD0485d,6,2,102,47,26,12,0,4,0,2,1
CD0486a,1,0,1,1,0,0,1,0,0,0,0
CD0486c,3,0,3,0,0,0,0,0,0,1,0
CD0486d,2,0,2,2,1,0,1,0,0,0,0
CD0487a,1,1,3,21,8,5,1,2,0,2,0
CD0487c,2,1,6,28,13,0,0,2,0,0,0
CD0487d,5,3,5,26,13,3,0,0,0,0,1
CD0488a,9,0,6,60,25,10,0,3,1,2,1
CD0488c,4,2,7,42,25,11,0,3,0,0,1
CD0488d,4,4,8,61,32,10,0,2,0,1,1
CD0489a,0,0,4,1,0,1,0,3,0,0,1
CD0489c,0,0,0,0,0,1,0,2,0,0,0
CD0489d,3,1,2,1,1,1,0,6,2,0,0
CD0490a,1,0,2,2,2,0,1,3,2,1,1
CD0490c,2,0,2,5,1,2,0,10,0,0,4
CD0490d,2,0,3,1,1,3,0,3,2,0,0
CD0491a,4,0,3,4,0,1,1,11,2,1,0
CD0491c,2,1,1,3,2,2,0,10,2,0,2
CD0492a,3,0,5,1,0,4,0,7,1,1,0
CD0492c,1,1,3,1,2,0,0,4,1,0,0
CD0492d,0,0,2,1,0,1,0,3,0,1,1
CD0493a,6,0,2,6,3,1,1,8,1,1,3
CD0493c,1,0,3,3,2,0,0,9,2,1,1
CD0494a,0,0,6,5,0,3,0,1,0,0,0
CD0494c,2,1,3,2,1,2,0,1,0,0,0
CD0494d,1,1,2,2,0,1,0,1,0,0,0
CD0495a,4,6,2,420,121,10,0,1,0,0,1
CD0495c,5,2,8,525,141,9,3,0,0,2,0
CD0495d,6,5,4,493,124,16,2,1,1,0,0
CD0496a,15,6,11,1440,316,22,4,2,1,0,1
CD0496c,9,7,8,894,233,22,4,2,0,2,0
CD0496d,11,7,18,1167,255,31,3,6,0,1,2
CD0497a,2,0,2,0,2,1,0,0,0,1,0
CD0497c,2,0,2,3,2,1,0,0,0,0,0
CD0497d,3,1,4,2,0,1,0,1,0,1,0
CD0498a,8,1,6,17,6,6,0,2,0,0,1
CD0498c,6,1,3,13,7,4,1,1,1,1,0
CD0498d,5,1,3,16,3,6,2,0,0,2,1
CD0499a,9,2,6,50,10,11,1,5,1,1,1
CD0499c,12,4,10,48,15,11,0,6,1,2,2
CD0499d,11,4,14,40,20,2,2,4,0,2,1
CD0500a,3,0,0,1,3,0,0,1,0,2,0
CD0500c,0,1,4,2,0,0,0,0,0,1,0
CD0500d,1,0,2,0,0,0,0,0,0,0,0
CD0501a,3,1,3,17,7,4,0,2,0,0,0
CD0501c,5,0,4,14,11,3,0,0,0,0,1
CD0501d,2,0,2,15,8,2,0,0,0,0,1
CD0502a,5,1,6,27,18,2,0,0,0,1,0
CD0502c,2,1,11,30,26,7,2,3,0,0,1
CD0502d,8,1,4,43,24,2,0,0,0,1,1
CD0503a,2,0,0,1,0,0,0,0,0,0,0
CD0503c,3,0,0,1,0,1,0,2,0,1,0
CD0503d,4,0,5,1,2,0,0,0,0,0,0
CD0504a,3,0,7,24,5,2,0,2,0,1,2
CD0504c,5,1,7,22,11,2,0,1,0,0,1
CD0504d,2,1,5,17,12,7,0,1,0,0,1
CD0505a,15,0,9,46,22,9,0,3,1,1,0
CD0505c,5,2,8,57,19,4,0,4,0,1,2
CD0505d,12,4,11,76,33,10,1,2,0,1,2
CD0506a,1,0,5,3,0,1,0,0,0,0,1
CD0506c,0,0,1,5,0,0,0,1,0,1,0
CD0506d,1,0,5,2,0,2,0,1,0,0,0
CD0507a,1,0,2,10,6,1,0,1,1,1,0
CD0507c,0,1,6,16,6,4,0,0,0,0,0
CD0507d,3,1,2,15,5,3,0,1,0,0,0
CD0508a,8,0,5,29,15,7,0,5,0,0,1
CD0508c,4,0,6,51,21,5,1,2,0,1,1
CD0508d,6,2,3,31,17,4,1,3,0,0,0
CD0509a,1,0,0,1,0,0,0,0,0,0,1
CD0509c,3,0,2,2,0,0,0,1,0,0,0
CD0509d,2,0,1,1,1,1,0,0,0,0,0
CD0510a,5,0,2,10,11,8,0,2,0,2,0
CD0510c,7,2,3,15,8,5,0,1,0,1,1
CD0510d,6,0,2,11,7,1,0,3,0,0,1
CD0511a,7,2,10,43,17,10,1,2,0,2,1
CD0511c,9,1,12,46,18,9,0,1,0,2,2
CD0511d,7,2,5,42,20,9,0,1,0,3,4
CD0512a,1,0,2,1,3,0,0,1,0,0,0
CD0512c,0,1,6,3,1,1,0,0,0,0,1
CD0512d,0,0,6,3,3,1,0,0,0,0,2
CD0513a,2,2,3,21,19,6,1,3,0,1,0
CD0513c,2,2,6,21,14,3,0,2,0,0,1
CD0513d,2,1,8,22,8,6,0,0,0,1,2
CD0514a,18,5,10,55,34,15,0,7,2,2,4
CD0514c,3,2,8,74,26,11,2,2,0,0,3
CD0514d,13,3,8,38,40,9,0,1,1,5,0
CD0515a,3,0,2,0,3,1,0,0,0,0,1
CD0515c,2,0,4,2,0,0,0,1,0,0,0
CD0515d,1,0,3,3,0,0,0,0,0,0,0
CD0516a,2,1,4,13,9,3,0,2,1,1,0
CD0516c,5,0,6,16,11,3,0,0,0,0,0
CD0516d,5,0,4,25,6,4,0,2,0,0,0
CD0517a,11,4,13,50,18,6,0,1,0,1,0
CD0517c,3,1,3,33,25,3,0,2,0,1,1
CD0517d,8,1,10,50,27,7,1,2,0,0,0
CD0518a,2,0,2,3,0,2,1,2,0,0,0
CD0518c,3,0,2,0,1,0,0,2,0,2,3
CD0518d,1,0,2,2,0,2,0,1,0,1,0
CD0519a,4,0,3,17,5,0,0,8,0,0,0
CD0519c,4,0,7,16,8,4,0,5,2,1,3
CD0519d,5,2,4,17,8,4,0,7,1,1,1
CD0520a,3,3,3,29,13,6,0,6,0,0,2
CD0520c,8,1,2,29,22,3,1,4,4,0,6
CD0520d,6,0,3,32,19,8,0,10,3,2,3
CD0521a,3,0,1,0,1,0,1,1,0,0,0
CD0521c,2,0,2,2,0,0,0,0,0,0,1
CD0521d,1,0,1,0,0,0,0,0,0,0,1
CD0522a,3,0,5,8,7,6,0,3,0,1,0
CD0522c,2,1,6,13,5,1,0,0,0,0,0
CD0522d,6,0,6,12,12,1,0,1,0,1,0
CD0523a,7,1,13,33,17,9,0,4,1,0,2
CD0523c,8,2,7,30,19,11,0,3,0,2,1
CD0524a,0,0,2,0,1,1,0,1,0,0,1
CD0525a,1,0,0,14,13,3,0,1,0,0,0
CD0525c,2,1,5,10,9,2,0,0,0,1,0
CD0525d,2,0,2,16,9,3,0,0,0,1,0
CD0526a,2,3,8,36,17,7,1,2,0,0,0
CD0526c,8,0,11,50,25,7,0,3,0,2,0
CD0526d,3,2,6,49,11,9,0,0,0,1,0
CD0527a,2,0,2,1,1,2,0,0,0,1,0
CD0527c,4,1,1,4,2,0,0,0,0,0,0
CD0527d,1,0,4,2,0,1,0,1,0,0,0
CD0528a,6,1,5,11,11,5,0,1,0,1,0
CD0528c,7,0,6,24,10,4,0,2,0,0,2
CD0528d,5,1,5,28,11,3,0,1,0,0,0
CD0529a,10,0,10,76,33,12,0,4,0,1,4
CD0529c,8,2,15,63,32,9,2,3,0,0,1
CD0529d,9,1,10,50,23,7,1,2,0,2,0
CD0530a,2,1,1,3,1,1,0,0,0,0,0
CD0530c,1,0,3,0,0,0,0,2,0,0,0
CD0530d,1,1,3,2,0,3,0,0,0,0,0
CD0531a,4,1,3,6,0,2,0,1,0,0,0
CD0531c,3,2,1,6,7,2,0,0,0,1,0
CD0531d,3,0,5,6,1,1,0,0,0,1,0
CD0532a,3,1,9,12,1,4,0,1,0,0,0
CD0532c,2,0,2,9,5,1,0,1,2,0,2
CD0532d,5,0,6,9,2,4,0,0,0,0,1
CD0533a,2,1,1,1,0,1,0,0,0,0,2
CD0534a,2,0,2,2,0,0,0,1,0,1,2
CD0535a,2,1,3,1,0,1,0,0,0,2,2
CD0536a,5,0,10,8,5,1,0,0,0,0,1
CD0536c,4,1,7,10,15,2,0,2,0,2,3
CD0536d,8,0,3,18,13,1,0,1,0,2,4
CD0537a,6,1,8,33,17,4,1,3,0,2,8
CD0537c,6,1,8,27,8,3,1,3,1,1,1
CD0538a,2,1,3,1,0,0,0,0,1,1,0
CD0538c,7,1,0,7,0,0,0,1,1,1,0
CD0538d,2,0,1,1,3,0,0,0,0,0,0
CD0539a,4,1,128,10,5,2,0,2,0,1,0
CD0539c,5,1,111,4,4,2,0,0,0,0,0
CD0539d,2,0,147,12,1,1,0,1,1,0,0
CD0540a,7,2,303,17,10,4,0,2,0,0,3
CD0540c,5,1,282,18,5,1,0,2,0,1,0
CD0540d,7,2,337,23,16,8,0,1,0,1,0
CD0541a,2,0,3,1,1,0,0,2,0,0,0
CD0541c,3,1,5,6,1,0,0,2,0,1,0
CD0541d,4,1,3,5,2,0,0,0,0,1,0
CD0542a,2,2,204,11,6,5,0,4,0,3,1
CD0542c,6,4,246,10,11,3,0,6,0,2,1
CD0542d,1,3,191,11,6,3,2,2,0,0,0
CD0543a,8,3,609,28,12,7,1,6,0,0,1
CD0543c,7,1,476,27,13,9,0,7,0,2,1
CD0543d,8,3,503,22,18,6,0,0,1,1,0
CD0547a,3,0,3,2,0,1,0,5,0,0,0
CD0547c,5,0,1,2,0,1,0,1,0,0,0
CD0547d,3,0,4,1,1,0,0,0,0,0,0
CD0548a,6,0,189,17,2,3,0,1,0,2,0
CD0548c,3,3,186,8,2,8,0,1,0,1,0
CD0548d,6,2,176,9,5,2,0,2,0,3,1
CD0549a,7,2,494,26,13,3,0,3,0,1,1
CD0549c,7,7,492,24,13,5,0,1,0,0,0
CD0549d,10,2,526,22,11,10,1,1,0,1,0
CD0550a,4,1,1,1,1,1,0,0,0,1,0
CD0550c,4,0,4,4,1,0,0,0,0,0,0
CD0550d,3,1,3,3,2,0,0,0,0,0,0
CD0551a,7,0,115,10,5,1,0,2,0,0,1
CD0551c,4,2,115,8,5,0,1,4,0,0,0
CD0551d,11,0,149,13,2,2,0,0,1,0,1
CD0552a,10,0,352,26,13,4,0,5,0,0,0
CD0552c,8,1,333,14,9,2,0,5,0,0,4
CD0552d,9,0,399,17,15,1,0,3,0,2,3
CD0553a,7,1,4,2,0,0,0,1,0,1,0
CD0553c,4,0,3,1,0,0,0,0,0,0,0
CD0553d,4,1,1,1,1,1,0,1,0,0,0
CD0554a,4,0,132,6,3,2,0,0,0,0,1
CD0554c,4,1,103,8,1,0,0,2,0,1,2
CD0554d,5,1,120,13,5,2,0,1,0,1,0
CD0555a,0,2,347,13,12,4,0,0,0,0,2
CD0555c,11,2,333,15,8,1,2,0,0,1,3
CD0555d,6,1,314,12,13,4,0,1,1,1,1
CD0556a,2,1,3,0,0,1,0,1,0,0,1
CD0556c,1,0,5,3,0,0,0,0,0,0,0
CD0556d,4,0,6,1,1,1,0,0,0,0,3
CD0557a,2,1,21,3,1,0,1,0,0,0,1
CD0557c,6,1,24,2,1,0,0,1,0,0,1
CD0557d,6,1,19,3,1,0,0,0,0,0,4
CD0558a,5,0,63,4,2,1,0,0,0,0,6
CD0558c,3,0,59,2,1,1,0,0,0,0,1
CD0558d,4,0,55,5,2,1,0,1,0,1,3
CD0559a,4,2,130,8,6,0,0,1,0,2,3
CD0559c,8,0,191,9,8,3,0,1,0,1,2
CD0560a,11,2,530,18,20,7,0,1,0,1,4
CD0560c,6,1,408,19,9,4,1,1,0,1,7
CD0561a,3,2,30,3,2,0,0,0,0,0,8
CD0561c,1,2,83,2,2,2,0,3,0,0,4
CD0562a,1,0,2,2,2,1,0,0,0,1,0
CD0562c,1,0,3,1,0,0,0,0,0,0,0
CD0562d,1,0,3,1,0,0,0,0,1,1,0
CD0563a,4,0,185,7,6,4,0,2,1,0,3
CD0563c,3,2,174,5,1,5,1,1,0,0,0
CD0563d,1,3,158,13,5,2,0,1,1,1,4
CD0564a,4,3,422,24,15,4,1,3,0,0,3
CD0564c,5,1,276,16,7,5,0,1,0,0,0
CD0564d,4,0,185,8,6,1,0,4,0,0,0
CD0565a,2,0,0,1,1,0,0,0,0,0,0
CD0565d,0,1,7,3,6,1,0,2,0,2,1
CD0566a,8,1,172,10,8,5,1,1,0,1,0
CD0566c,4,2,173,7,4,2,0,0,0,1,0
CD0566d,2,2,153,8,6,4,0,2,0,0,0
CD0567c,5,1,522,29,17,8,1,2,1,0,0
CD0567d,7,3,491,20,14,12,1,2,1,1,2
CD0568a,6,1,249,18,9,7,1,2,0,1,3
CD0569a,5,4,259,29,15,10,1,2,0,1,1
CD0569c,6,3,275,23,13,4,2,0,0,0,0
CD0569d,4,4,276,33,15,10,0,1,0,1,0
CD0570a,18,9,783,92,46,28,2,3,1,2,0
CD0570c,18,11,739,69,60,32,3,5,0,3,0
CD0570d,7,8,580,60,31,24,0,3,0,2,1
CD0571a,1,1,5,1,5,0,1,2,0,0,0
CD0571c,1,2,5,0,0,0,0,1,0,0,0
CD0571d,1,0,6,4,3,1,0,1,0,0,0
CD0572a,5,0,90,8,6,2,1,1,0,0,0
CD0572c,4,3,77,3,1,0,0,1,0,0,0
CD0572d,3,0,86,5,2,2,0,3,0,2,0
CD0573a,13,1,556,20,16,7,0,5,2,1,0
CD0573c,13,5,532,26,8,6,0,2,0,2,0
CD0573d,10,1,496,30,15,5,1,1,0,1,3
CD0574a,1,1,2,0,0,0,0,0,0,0,0
CD0574c,2,1,3,3,1,0,0,0,0,0,0
CD0574d,1,0,2,3,0,0,0,0,1,0,0
CD0575a,0,1,110,4,3,3,0,1,0,1,1
CD0575c,3,2,138,5,3,3,0,3,1,0,2
CD0575d,2,0,108,8,6,3,0,2,0,0,1
CD0576a,6,4,382,16,10,7,1,3,0,1,0
CD0576c,7,4,375,18,6,11,0,2,0,1,1
CD0576d,6,5,345,17,8,6,0,2,0,1,1
CD0577a,3,0,2,3,1,0,0,1,0,0,0
CD0577c,3,0,2,0,0,2,0,0,0,0,0
CD0577d,5,0,3,7,0,1,0,1,0,1,0
CD0578a,2,0,110,5,4,4,1,0,0,0,0
CD0578c,4,2,121,6,6,3,0,1,0,0,0
CD0578d,4,0,121,7,7,3,0,2,0,1,1
CD0579a,3,5,293,18,9,7,1,0,0,1,1
CD0579c,9,1,379,22,7,8,0,4,0,1,1
CD0579d,3,1,346,18,9,2,1,4,0,0,1
CD0580a,2,0,3,1,2,0,0,0,0,1,0
CD0580c,6,0,3,0,2,1,0,1,1,1,0
CD0580d,2,0,7,3,1,0,0,3,0,0,0
CD0581a,0,2,160,10,5,3,1,1,0,0,1
CD0581c,3,1,207,11,7,2,0,1,0,1,0
CD0581d,7,3,194,8,6,1,0,1,0,1,1
CD0582a,8,0,560,23,17,3,0,3,0,1,3
CD0582c,12,3,494,42,15,3,1,4,0,0,0
CD0582d,6,4,432,30,10,3,0,1,1,0,0
CD0583a,1,0,1,2,1,1,0,0,0,0,0
CD0583c,2,0,2,3,1,0,0,0,0,0,0
CD0583d,1,0,1,2,1,1,0,0,0,0,0
CD0584a,4,1,112,6,5,2,0,1,0,0,1
CD0584c,4,1,105,4,2,1,0,0,0,0,0
CD0585a,8,2,350,16,13,9,0,2,0,1,0
CD0585c,6,1,272,18,4,7,0,1,0,2,1
CD0585d,3,2,301,23,7,3,0,1,0,2,0
CD0586a,1,0,1,1,0,0,0,0,0,0,0
CD0586c,5,1,3,2,1,0,0,2,0,0,1
CD0586d,2,1,1,4,0,1,0,1,0,0,0
CD0587a,3,1,214,13,8,3,0,2,0,1,1
CD0587c,9,2,221,8,7,1,1,2,0,0,1
CD0587d,3,1,218,21,6,2,1,1,0,1,1
CD0588a,3,3,580,36,17,9,0,4,0,1,1
CD0588c,7,1,555,32,17,2,1,3,0,0,2
CD0588d,8,6,487,29,13,8,0,5,1,3,6
CD0589a,3,0,2,4,1,0,0,1,0,0,1
CD0589c,3,0,2,1,1,1,0,0,0,0,0
CD0589d,1,0,1,2,0,0,0,0,0,0,1
CD0590a,5,1,220,14,3,3,0,4,0,0,0
CD0590c,7,1,213,10,6,5,0,2,1,2,0
CD0590d,3,1,176,7,7,4,0,2,0,0,0
CD0591a,3,2,541,25,17,4,0,7,1,0,0
CD0591c,8,1,485,28,14,4,0,5,1,2,1
CD0591d,8,4,566,35,17,7,0,2,0,0,1
CD0592a,1,0,1,1,0,0,0,0,0,0,0
CD0592c,2,0,5,2,1,0,0,0,0,0,0
CD0592d,6,0,0,3,2,1,0,0,0,0,0
CD0593a,5,3,188,6,1,4,0,0,0,0,0
CD0593c,7,3,203,14,11,2,2,1,0,1,1
CD0593d,4,2,203,6,8,3,0,1,0,0,0
CD0594a,5,1,462,18,15,6,0,3,0,1,0
CD0594c,11,1,552,35,9,6,2,1,0,1,0
CD0594d,5,1,525,25,15,4,1,0,1,1,2
CD0595a,2,1,0,3,1,0,0,0,0,0,2
CD0595c,2,0,2,1,2,0,0,0,0,0,0
CD0595d,1,0,1,1,0,0,0,0,0,0,0
CD0596a,4,1,232,12,8,2,0,2,0,0,0
CD0596c,6,0,234,6,7,3,0,0,0,0,0
CD0596d,1,1,265,8,10,4,0,0,0,1,0
CD0597a,8,2,610,21,11,4,0,1,0,1,0
CD0597c,5,3,642,17,13,5,0,1,0,0,1
CD0597d,9,0,620,34,15,10,2,3,0,1,0
CD0598a,0,0,1,2,0,0,0,0,0,0,0
CD0598c,0,0,2,0,2,0,0,0,0,0,0
CD0598d,2,0,1,1,2,0,0,1,0,0,0
CD0599a,2,3,199,3,5,4,0,1,0,1,0
CD0599c,4,1,180,5,6,3,0,2,0,1,1
CD0599d,6,3,157,10,7,2,0,1,0,2,0
CD0600a,9,2,537,20,11,4,0,2,0,1,1
CD0600c,5,1,440,16,14,4,1,1,0,0,0
CD0600d,5,1,454,25,10,2,1,2,0,1,0
CD0601a,2,0,2,1,0,0,0,6,0,0,3
CD0601c,1,1,1,0,0,1,0,4,1,1,1
CD0601d,0,0,2,0,0,1,0,0,1,0,0
CD0602a,0,0,25,2,0,0,0,5,0,0,0
CD0602c,4,0,26,5,1,1,0,7,0,0,4
CD0602d,3,0,35,1,0,1,0,5,1,0,1
CD0603a,2,0,65,4,1,0,0,6,0,0,2
CD0603c,2,0,74,1,0,0,0,8,5,0,4
CD0603d,2,0,61,2,0,0,0,6,0,1,0
CD0604a,3,0,251,8,1,0,0,10,6,0,5
CD0605a,0,0,100,4,1,2,0,5,2,0,4
CD0605c,1,0,108,1,3,2,0,8,3,1,1
CD0605d,3,0,95,2,0,1,0,7,9,1,3
CD0606a,1,0,2,3,1,0,0,0,0,0,2
CD0606d,0,0,1,1,0,1,0,1,0,0,0
CD0607a,4,1,85,5,6,0,0,0,0,0,0
CD0607c,2,0,80,3,3,2,0,1,0,1,1
CD0607d,3,0,97,5,1,3,0,1,0,0,2
CD0608a,7,2,364,22,8,5,2,3,0,0,0
CD0608c,3,3,317,12,4,1,0,1,0,2,0
CD0608d,5,0,360,20,12,5,0,1,0,2,0
CD0609c,2,0,2,1,4,1,0,0,0,0,0
CD0609d,4,0,3,2,0,0,0,0,0,0,0
CD0610a,2,2,142,8,7,4,0,1,0,0,1
CD0610c,2,1,157,16,4,4,0,3,0,1,2
CD0610d,3,2,175,14,6,4,0,1,0,1,0
CD0611a,5,5,405,32,10,3,1,1,0,3,2
CD0611c,8,3,455,21,8,2,1,3,1,4,1
CD0611d,6,2,523,27,10,6,1,2,0,2,0
CD0612a,0,0,2,2,0,1,0,2,0,0,0
CD0612c,1,1,4,2,2,1,0,2,0,0,0
CD0612d,0,1,2,1,3,1,0,1,0,0,0
CD0613a,1,2,118,5,8,0,0,3,0,0,0
CD0613c,6,1,102,5,6,1,0,2,0,1,0
CD0613d,3,2,125,12,6,1,0,0,0,1,0
CD0614a,1,1,333,9,11,4,1,3,0,3,2
CD0614c,7,1,229,18,2,2,0,2,0,0,0
CD0614d,7,1,291,24,12,2,0,1,0,2,0
CD0615a,3,0,5,5,1,1,0,4,0,1,2
CD0615c,0,0,2,1,1,1,0,0,0,0,1
CD0615d,1,0,0,0,2,1,0,0,0,0,0
CD0616a,4,1,137,8,5,5,2,1,0,1,1
CD0616c,2,0,160,6,6,0,0,2,0,0,1
CD0616d,1,0,135,7,3,4,0,2,1,0,0
CD0617a,12,4,375,29,24,12,1,1,0,0,1
CD0617c,8,1,368,29,10,4,1,1,1,2,1
CD0617d,6,2,440,39,10,12,0,5,1,3,1
CD0618a,3,1,1,5,0,1,0,2,0,0,0
CD0618c,4,1,2,1,0,0,0,2,0,0,2
CD0618d,3,1,3,4,1,3,0,1,0,1,0
CD0619a,4,4,185,11,5,3,0,3,1,1,1
CD0619c,3,0,154,9,6,2,0,4,0,0,2
CD0619d,4,1,164,13,8,5,1,1,0,1,2
CD0620a,5,0,234,14,11,2,0,1,3,0,2
CD0620c,12,6,349,26,24,6,1,1,0,0,2
CD0621c,1,0,1,1,1,0,0,3,0,0,0
CD0621d,5,0,1,4,0,1,0,0,0,0,0
CD0622a,3,1,170,9,5,5,0,4,0,1,0
CD0622c,5,1,190,13,3,3,0,0,0,0,1
CD0623a,4,2,409,20,18,5,0,5,1,0,1
CD0623c,11,0,491,21,14,1,0,1,0,0,0
CD0624a,2,0,2,2,1,0,2,2,1,0,0
CD0624c,1,1,1,0,1,0,0,2,0,0,1
CD0624d,1,4,6,0,2,0,1,3,0,1,1
CD0625a,4,1,156,11,6,1,0,0,1,0,3
CD0625c,6,2,205,4,3,6,1,4,0,0,2
CD0625d,3,2,185,11,3,3,0,3,0,1,0
CD0626a,6,1,467,22,10,6,3,3,0,1,3
CD0626c,7,1,566,14,19,5,0,7,0,0,5
CD0626d,6,1,386,22,9,4,1,5,0,0,3
CD0627a,0,0,1,2,1,1,0,2,0,1,0
CD0627c,0,0,0,2,0,1,0,1,1,0,0
CD0627d,2,0,2,2,1,1,0,0,0,0,1
CD0628c,2,1,165,6,6,3,1,0,1,0,1
CD0628d,2,1,122,9,7,1,0,1,0,0,1
CD0629a,5,4,496,21,13,3,1,1,1,1,4
CD0629c,12,6,580,34,19,5,0,0,0,3,2
CD0629d,7,1,442,17,10,10,1,2,0,1,0
CD0630a,2,0,2,1,1,0,0,1,0,0,0
CD0630c,4,0,4,2,0,0,0,1,0,0,0
CD0630d,1,1,2,1,1,1,0,0,1,0,0
CD0631a,8,1,241,12,5,7,1,3,0,3,1
CD0631c,5,1,173,7,4,2,0,0,0,1,0
CD0631d,1,2,188,13,7,2,0,0,0,1,0
CD0632a,3,2,468,22,10,5,2,3,0,1,1
CD0632c,2,6,527,22,13,4,0,1,0,0,0
CD0633a,3,0,2,2,1,2,0,1,0,2,2
CD0633c,2,2,5,2,2,0,0,0,0,0,2
CD0633d,3,1,3,3,2,1,2,7,1,0,3
CD0634a,4,2,1,3,3,2,0,2,0,0,5
CD0634c,2,1,3,2,2,2,0,2,0,0,3
CD0634d,4,3,5,7,3,1,0,2,0,1,1
CD0635a,3,2,2,7,3,1,0,2,0,1,3
CD0635c,2,1,4,6,1,4,0,4,0,0,2
CD0635d,3,1,3,16,10,2,0,2,1,2,0
CD0636a,1,1,9,1,0,1,0,2,0,0,0
CD0636c,3,0,5,1,2,0,0,0,0,0,0
CD0636d,1,0,5,4,3,1,0,1,0,0,0
CD0637a,1,2,8,5,8,0,0,2,0,0,0
CD0637c,2,1,2,5,3,0,0,1,0,0,1
CD0637d,2,0,7,2,3,2,0,0,0,0,0
CD0638a,3,1,7,16,7,5,0,3,0,1,0
CD0638c,4,1,16,16,6,5,2,2,1,2,0
CD0638d,1,2,6,11,6,3,0,1,0,0,0
CD0639a,1,1,0,2,1,1,0,0,0,0,0
CD0639c,2,0,5,1,1,2,0,0,0,0,1
CD0639d,0,0,3,2,2,1,0,1,0,2,2
CD0640a,2,0,2,3,2,0,1,0,0,0,0
CD0640c,1,0,3,5,0,1,1,1,0,1,0
CD0640d,6,0,2,8,4,1,0,0,0,0,0
CD0641a,1,0,1,7,7,0,0,2,0,0,0
CD0641c,3,1,1,4,3,2,0,0,0,0,0
CD0641d,3,1,4,8,4,1,0,1,0,2,0
CD0642a,4,1,2,2,0,1,0,3,1,1,0
CD0642c,0,0,0,2,2,0,0,1,0,0,0
CD0642d,4,0,1,2,0,0,0,0,0,1,0
CD0643a,5,1,5,6,3,0,0,1,0,0,1
CD0643c,2,1,0,9,1,2,1,0,1,1,0
CD0643d,3,0,1,3,3,1,0,0,0,0,0
CD0644a,1,2,2,8,8,1,0,0,0,0,1
CD0644c,1,0,3,7,5,1,1,0,0,1,2
CD0644d,5,1,1,5,4,0,0,1,0,1,1
CD0645a,3,1,2,0,0,0,0,2,0,0,0
CD0645c,0,1,2,1,2,1,0,0,0,0,0
CD0645d,2,3,3,2,0,0,0,0,0,0,0
CD0646a,0,0,2,5,4,2,0,1,0,0,0
CD0646c,0,0,4,5,5,2,1,1,1,1,0
CD0646d,1,1,4,2,6,3,0,4,0,3,0
CD0647a,3,1,6,20,20,4,0,0,2,0,1
CD0647c,1,1,4,22,15,4,1,1,0,0,0
CD0647d,1,0,3,18,6,1,0,0,0,0,0
CD0648a,1,0,2,2,2,0,0,0,0,0,0
CD0648c,3,0,5,1,1,1,0,1,0,1,0
CD0648d,3,1,2,0,2,0,0,0,0,0,0
CD0649a,1,0,2,2,3,1,1,0,0,0,0
CD0649c,2,1,4,5,3,0,1,1,0,0,0
CD0649d,1,0,0,3,2,1,0,0,0,0,0
CD0650a,1,0,5,14,8,3,0,0,0,0,0
CD0650c,4,1,4,7,2,0,0,0,0,0,0
CD0650d,3,1,3,9,1,1,0,0,0,0,1
CD0651a,1,0,2,1,1,0,0,0,0,0,0
CD0651c,2,1,4,1,2,1,0,0,0,0,0
CD0651d,0,0,3,2,1,1,0,0,0,0,0
CD0652a,1,0,3,4,3,4,0,1,0,0,0
CD0652c,0,0,1,3,1,1,0,0,0,0,0
CD0652d,3,0,2,1,1,1,0,1,0,0,0
CD0653a,1,1,3,9,5,1,0,1,0,0,0
CD0653c,2,0,7,9,7,2,0,2,0,0,1
CD0653d,1,0,1,5,5,1,0,0,0,0,1
CD0654a,0,1,2,1,2,1,0,0,0,1,1
CD0654c,1,0,1,1,1,3,0,0,0,0,0
CD0654d,0,0,3,2,0,0,0,2,0,1,0
CD0655a,2,1,9,11,3,2,0,3,0,0,1
CD0655c,1,2,5,5,3,4,0,1,0,1,0
CD0655d,3,0,3,13,3,3,0,1,0,0,2
CD0656a,5,0,7,11,7,5,0,4,0,0,0
CD0656c,3,2,2,14,13,1,0,3,0,0,0
CD0656d,2,0,1,10,14,3,0,0,0,0,0
CD0657a,1,0,0,1,0,2,0,1,0,0,0
CD0657c,1,0,1,2,0,0,0,0,0,0,0
CD0657d,2,0,1,1,1,2,0,1,0,1,0
CD0658a,1,0,1,13,8,4,0,0,0,0,2
CD0658c,1,0,2,10,4,3,0,1,0,0,2
CD0658d,1,1,1,6,6,5,0,0,1,0,0
CD0659d,3,0,0,13,9,1,0,0,0,0,0
CD0660a,1,0,1,3,0,1,0,3,0,0,0
CD0660c,2,1,1,1,1,2,0,1,1,0,0
CD0660d,4,0,0,0,1,1,0,1,1,1,0
CD0661a,3,0,3,1,4,1,0,4,0,0,1
CD0661c,6,2,3,3,3,2,0,0,0,1,1
CD0661d,3,0,0,6,4,2,0,2,0,0,0
CD0662a,3,0,6,4,3,1,0,1,0,0,1
CD0662c,3,1,5,11,4,2,0,2,0,0,0
CD0662d,2,3,4,15,5,1,1,2,0,1,0
CD0663a,1,0,3,0,0,0,0,2,0,0,0
CD0663c,4,1,2,3,0,0,0,1,0,0,0
CD0663d,1,0,2,2,0,0,0,1,0,1,0
CD0664a,5,1,3,6,4,2,0,3,0,0,0
CD0664c,5,0,1,4,3,1,0,1,0,0,0
CD0664d,2,1,3,6,4,2,0,2,0,0,0
CD0665a,1,1,1,3,2,4,0,3,0,1,1
CD0665c,0,1,0,5,0,2,0,0,0,1,0
CD0665d,0,0,0,8,5,4,0,1,0,0,0
CD0666a,3,1,4,14,7,4,0,1,0,0,3
CD0666c,2,2,4,7,11,2,0,0,0,0,6
CD0666d,1,3,2,6,11,0,0,1,0,1,1
CD0667a,6,1,2,29,18,4,0,2,0,0,3
CD0668b,5,0,1,0,0,1,0,1,0,0,0
CD0668c,5,0,2,2,1,0,0,0,0,1,0
CD0668d,3,1,3,4,0,2,0,0,0,2,0
CD0668e,4,0,4,15,7,4,1,2,0,1,0
CD0668f,4,1,6,22,14,3,0,3,1,1,0
CD0668g,5,1,4,13,6,2,0,1,0,0,1
CD0668h,4,2,1,46,13,7,2,1,0,0,0
CD0668i,1,1,4,28,17,1,0,2,0,0,2
CD0668j,3,2,6,36,13,10,1,3,0,1,1
CD0669b,1,0,5,6,4,5,0,2,0,0,0
CD0669c,4,3,0,4,3,2,0,2,0,0,0
CD0669d,1,0,3,3,2,1,0,0,0,1,0
CD0669e,8,1,2,11,11,2,0,0,0,2,1
CD0669f,1,0,8,18,10,0,0,1,0,0,0
CD0669g,2,0,2,18,6,0,0,2,1,0,2
CD0669h,8,1,10,47,26,8,0,0,1,0,1
CD0669i,5,3,7,43,25,6,1,1,1,1,0
CD0669j,6,3,9,28,23,6,0,0,0,4,1
CD0670b,0,1,4,2,1,0,0,1,0,1,0
CD0670c,0,1,1,1,0,3,0,0,0,0,0
CD0670d,3,0,2,1,2,1,0,1,0,0,0
CD0670e,3,1,3,19,9,5,0,1,0,1,0
CD0670f,1,1,2,19,15,0,1,1,0,0,0
CD0670h,2,1,9,40,26,7,0,0,0,1,1
CD0670i,2,2,7,28,23,10,0,2,1,0,1
CD0670j,4,1,8,37,20,9,2,1,0,0,0
CD0671b,1,1,0,1,0,0,0,0,0,0,0
CD0671c,1,0,0,3,1,1,0,1,0,0,0
CD0671d,1,0,2,0,1,2,0,0,0,0,0
CD0671e,2,2,7,14,12,3,0,0,0,0,1
CD0671f,3,1,3,19,10,2,0,1,0,2,0
CD0671g,1,0,3,16,12,5,1,1,0,0,0
CD0671h,5,0,7,45,22,7,1,2,0,1,1
CD0671i,5,2,3,44,28,7,0,3,0,1,0
CD0671j,3,3,7,46,22,5,1,0,0,1,2
CD0673b,3,1,1,0,0,0,0,0,0,2,0
CD0673c,2,0,2,2,2,3,0,2,0,1,1
CD0673d,0,2,4,3,0,0,0,3,0,0,1
CD0673e,1,1,6,9,7,2,0,2,0,1,4
CD0674b,1,0,3,0,1,1,0,2,0,2,0
CD0674c,1,0,1,1,0,0,0,1,0,1,1
CD0674d,0,0,1,3,1,1,0,0,0,0,0
CD0674f,2,0,2,6,6,0,0,5,1,0,3
CD0674g,0,0,4,3,1,0,0,18,1,1,5
CD0674h,3,0,3,6,2,0,0,18,2,3,7
CD0675b,6,1,2,2,0,1,0,0,0,1,0
CD0675c,3,0,1,3,0,0,0,0,0,0,0
CD0675d,0,0,1,2,0,1,0,0,0,2,0
CD0675e,2,0,9,1,0,1,0,1,0,0,1
CD0675f,4,1,3,22,7,5,0,0,0,2,0
CD0675g,4,1,4,22,13,3,0,1,0,0,0
CD0675h,2,1,2,16,8,2,1,0,1,0,2
CD0675i,0,0,0,10,9,5,0,0,0,0,0
CD0675j,8,0,5,16,8,2,0,1,0,0,0
CD0675k,5,1,2,13,8,2,1,1,0,0,2
CD0675l,2,0,9,30,22,5,0,3,0,0,1
CD0675n,2,2,4,29,20,10,1,2,0,0,1
CD0675o,6,0,6,39,22,7,2,3,0,0,0
CD0675p,4,1,5,50,14,6,0,2,0,0,1
CD0675r,2,1,0,2,1,1,0,1,0,0,0
CD0675s,4,1,4,1,1,0,0,0,0,0,1
CD0677c,2,0,5,2,3,2,0,0,0,0,0
CD0677d,3,0,0,3,0,0,0,0,0,0,0
CD0677e,0,0,2,1,0,1,0,2,0,2,0
CD0677f,1,1,2,1,1,0,0,1,0,0,1
CD0677g,4,0,0,5,1,1,0,0,0,1,0
CD0677h,2,0,3,2,1,2,0,1,0,0,0
CD0677i,4,0,4,2,3,3,0,0,0,0,2
CD0677j,10,0,9,2,0,0,0,1,0,0,0
CD0677k,2,1,2,2,1,0,0,0,0,0,0
CD0677l,0,2,1,3,0,0,0,0,0,0,0
CD0677m,2,0,2,0,2,0,0,1,0,1,0
CD0678b,2,0,3,2,1,1,0,1,0,0,1
CD0678c,3,1,2,1,0,0,0,1,0,0,0
CD0678d,1,0,2,2,2,0,0,0,0,1,0
CD0678e,3,0,8,0,0,1,0,2,0,0,3
CD0678f,3,0,1,1,1,1,0,1,0,0,4
CD0678g,1,1,4,3,2,1,0,0,0,1,0
CD0678h,3,2,1,6,0,0,0,0,0,0,1
CD0678i,1,0,3,1,0,0,0,0,0,1,0
CD0678j,5,0,5,1,1,0,0,0,0,0,2
CD0678k,1,1,2,3,2,0,0,1,0,1,1
CD0678l,2,1,2,3,0,0,0,0,0,0,1
CD0678m,5,1,3,1,2,0,0,1,0,2,2
CD0678n,2,0,4,2,0,2,0,1,0,0,3
CD0678o,3,0,2,4,0,1,0,0,0,0,4
CD0678p,4,2,5,3,1,0,1,0,0,2,7
CD0678q,4,1,3,2,0,1,0,0,0,1,1
CD0678r,2,0,3,1,1,1,0,0,0,1,2
CD0679b,4,3,5,2,1,1,0,1,0,2,0
CD0679c,6,3,2,1,0,1,1,4,0,2,3
CD0679d,3,0,8,2,1,0,0,6,1,0,0
CD0679e,3,1,3,4,1,2,0,11,2,0,4
CD0679f,4,1,7,3,2,2,0,5,0,1,1
CD0679g,4,0,3,4,1,1,0,6,1,2,1
CD0679h,6,1,5,2,1,0,0,5,4,0,2
CD0679i,5,1,3,1,1,2,0,1,0,0,0
CD0679j,10,2,4,2,0,2,0,3,1,0,3
CD0679k,2,0,1,8,1,0,0,1,1,2,0
CD0679l,4,0,2,3,1,0,0,3,2,1,2
CD0679m,2,1,2,1,1,0,0,2,1,0,2
CD0680b,4,0,0,1,1,1,0,1,0,0,0
CD0680c,2,1,2,0,3,0,0,1,0,1,0
CD0680d,2,0,7,3,0,1,0,0,0,0,0
CD0680e,1,0,3,2,0,0,0,0,0,1,1
CD0680f,1,0,2,4,0,1,0,2,0,2,0
CD0680g,5,0,2,4,0,1,1,1,0,1,0
CD0680h,1,1,3,3,2,1,0,0,0,1,1
CD0680i,2,0,2,2,1,0,0,1,0,0,0
CD0680j,1,2,3,2,2,1,0,0,0,0,0
CD0680k,1,0,3,1,1,1,0,2,0,0,1
CD0680l,5,1,0,0,0,0,0,3,0,2,0
CD0680m,2,2,2,0,0,1,0,0,0,0,0
CD0681b,5,0,5,2,0,0,0,3,0,2,1
CD0681c,3,0,1,2,0,1,0,2,1,0,1
CD0681d,2,0,1,1,1,1,1,3,0,0,0
CD0681e,2,0,1,1,1,0,0,0,0,0,1
CD0681f,1,0,3,1,1,2,0,2,0,1,1
CD0681g,3,1,3,2,0,2,0,1,0,1,0
CD0681h,5,3,6,1,0,1,0,0,0,0,1
CD0681i,3,2,2,2,6,1,0,7,0,0,1
CD0681j,5,0,2,3,1,1,0,3,0,1,1
CD0681k,0,1,4,4,1,0,0,2,0,0,2
CD0681l,5,3,6,2,1,1,0,3,0,0,4
CD0681m,2,0,1,3,1,1,0,3,0,0,1
CD0682b,0,0,3,2,1,0,1,1,0,0,2
CD0682c,2,2,1,4,2,1,0,0,0,0,2
CD0682d,4,0,4,3,0,0,0,0,0,1,2
CD0682e,2,0,0,1,1,1,0,1,0,0,1
CD0682f,4,0,2,2,1,1,0,0,0,0,4
CD0682g,5,0,1,3,1,0,0,1,0,0,2
CD0682h,2,0,4,1,0,1,0,0,1,0,4
CD0682i,4,0,1,3,0,1,1,1,0,0,4
CD0682j,4,0,2,3,0,0,0,1,0,0,4
CD0682k,2,0,1,2,1,0,0,1,0,1,4
CD0682l,1,0,5,3,0,2,0,0,0,0,5
CD0682m,3,1,5,1,0,0,0,2,0,0,9
CD0682n,3,0,3,0,1,0,0,1,0,1,8
CD0683b,0,1,0,2,0,1,0,0,0,2,0
CD0683c,3,0,0,0,0,0,0,0,0,1,0
CD0683d,1,0,1,2,0,1,0,0,0,2,0
CD0684b,4,1,2,3,2,1,0,2,0,0,1
CD0684c,1,0,1,0,2,1,0,2,0,0,0
CD0684d,0,3,0,2,1,0,0,0,0,0,1
CD0685b,1,1,3,2,3,2,1,2,0,1,1
CD0685c,1,0,2,3,2,0,0,1,0,1,0
CD0685d,2,4,3,1,2,0,0,0,0,5,0
CD0686b,3,0,2,3,7,2,0,2,0,1,0
CD0686c,3,3,9,5,7,3,0,2,0,1,1
CD0686d,1,2,1,4,5,5,1,2,0,4,1
CD0687b,0,0,1,1,0,0,0,0,0,2,0
CD0687c,0,0,0,1,0,1,0,0,0,0,0
CD0688b,2,0,2,4,1,2,0,0,0,1,0
CD0688c,1,1,1,1,1,0,0,4,0,1,0
CD0688d,2,1,2,5,1,0,0,1,0,0,0
CD0688e,1,0,0,3,0,1,0,1,0,1,0
CD0688f,1,0,2,2,1,1,0,0,0,1,0
CD0695b,0,0,1,2,0,0,0,0,0,1,0
CD0695c,0,1,0,0,1,0,0,1,0,0,0
CD0696b,6,1,7,4,8,1,2,4,1,0,0
CD0696c,2,2,3,1,4,1,1,4,1,0,0
CD0696d,2,1,3,2,3,1,0,4,1,2,0
CD0696e,0,2,3,3,5,1,0,2,0,1,1
CD0697b,0,0,0,0,1,0,0,1,0,0,0
CD0697c,0,1,0,0,0,0,0,0,0,1,0
CD0698b,1,2,0,0,1,1,0,1,0,0,2
CD0698c,0,0,0,4,0,0,0,1,0,0,0
CD0698d,2,0,6,1,1,0,0,0,0,0,0
CD0698e,1,0,2,2,0,1,0,0,0,2,0
CD0698f,1,1,7,0,1,1,0,1,0,0,0
CD0699b,0,0,0,0,1,0,0,0,0,1,0
CD0700b,0,1,1,1,2,0,0,0,0,0,0
CD0700c,1,1,1,2,5,1,0,0,0,3,0
CD0700d,0,1,0,0,0,1,0,0,0,0,0
CD0700e,1,1,1,3,2,2,0,0,0,0,0
CD0701b,0,1,1,1,0,1,0,1,0,0,0
CD0701c,0,0,0,1,0,0,0,0,0,1,0
CD0702b,2,2,2,4,0,1,1,2,0,1,1
CD0702c,1,1,2,2,4,0,1,2,0,1,0
CD0702d,1,0,1,3,2,1,0,0,0,2,0
CD0703b,3,0,11,1,3,2,0,5,0,17,1
CD0703c,4,0,5,1,4,2,0,3,0,10,0
CD0703d,4,1,8,4,4,1,2,3,0,11,3
CD0704b,8,1,6,1,3,3,2,5,0,16,0
CD0704c,4,1,8,3,5,2,2,8,1,14,0
CD0704d,3,4,8,3,3,3,2,9,0,15,1
CD0705b,4,3,12,3,3,3,0,8,1,20,0
CD0705c,14,0,13,7,5,5,0,5,0,15,1
CD0705d,9,1,17,4,6,2,2,7,2,15,5
CD0709b,0,0,0,1,0,1,0,1,0,0,2
CD0709c,1,0,0,1,0,0,0,0,0,1,0
CD0710b,1,0,3,3,0,2,0,1,0,1,1
CD0710c,1,0,3,2,5,3,0,3,0,1,1
CD0710d,1,1,2,2,0,1,1,2,0,5,0
CD0710e,3,0,4,6,5,3,1,3,0,2,5
CD0711b,0,1,0,0,1,1,0,0,0,2,0
CD0711c,0,0,0,2,2,0,0,2,0,2,0
CD0712b,1,0,2,2,1,1,0,1,0,2,0
CD0712c,1,0,6,1,4,0,0,0,0,0,0
CD0712d,3,2,2,1,2,0,0,0,1,1,0
CD0712e,1,1,2,1,1,0,1,1,1,1,1
CD0712f,0,0,4,1,1,1,0,0,0,0,1
CD0713b,2,1,4,2,2,1,0,5,0,2,0
CD0713c,2,1,4,2,2,0,0,5,0,1,1
CD0713d,2,1,3,1,5,2,0,4,1,2,1
CD0714b,2,0,2,7,4,2,1,0,0,1,0
CD0714c,3,0,1,5,1,1,0,6,1,1,0
CD0714d,2,2,5,0,2,3,1,3,1,3,0
CD0717b,0,0,3,0,0,1,0,0,0,0,0
CD0717c,0,0,0,0,0,0,0,1,0,0,1
CD0718b,1,2,3,1,5,1,0,2,0,3,7
CD0718c,1,0,2,1,2,0,0,0,0,2,11
CD0719b,1,1,1,0,3,1,0,0,0,1,1
CD0719c,0,1,3,0,0,0,0,0,0,0,0
CD0719d,0,0,1,2,2,0,0,0,0,0,0
CD0720b,1,0,1,2,4,1,1,1,0,0,1
CD0720c,3,0,0,0,1,0,0,0,0,1,1
CD0720d,2,3,3,0,0,1,0,1,0,1,0
CD0721b,1,0,2,0,6,3,0,3,0,1,0
CD0721c,0,0,1,5,3,1,0,0,0,0,0
CD0721d,5,3,4,8,5,2,2,1,0,3,1
CD0722b,4,3,4,1,7,2,1,2,0,1,1
CD0722c,2,0,1,1,4,1,0,2,0,0,0
CD0722d,3,4,6,6,6,2,2,1,0,1,0
CD0723b,0,0,0,0,0,0,0,0,0,0,0
CD0723c,0,0,1,1,0,0,0,0,0,0,0
CD0724b,1,0,2,0,0,1,0,1,0,0,0
CD0724c,1,0,1,1,3,0,0,1,0,1,0
CD0724d,2,0,0,0,1,1,0,0,0,0,0
CD0724e,1,0,3,1,1,0,0,0,0,1,0
CD0724f,0,0,1,2,1,0,0,1,0,1,1
CD0725b,0,0,0,0,0,0,0,0,0,0,0
CD0725c,0,0,0,0,1,2,0,0,0,1,0
CD0727b,2,0,3,2,1,0,0,3,1,4,0
CD0727c,0,1,2,1,1,1,0,0,0,2,0
CD0727d,0,1,0,3,2,1,0,0,0,0,0
CD0728b,3,2,1,3,1,1,0,0,0,0,0
CD0728c,0,1,1,1,4,1,0,2,1,0,0
CD0728d,1,1,4,5,4,0,0,3,1,2,0
CD0729b,3,3,2,5,4,1,2,3,1,2,2
CD0729c,3,6,2,3,5,3,0,0,0,0,0
CD0729d,6,2,7,3,5,6,1,5,0,2,2
CD0730b,6,0,8,2,6,7,1,7,0,1,0
CD0730c,2,5,8,3,5,0,0,4,0,0,2
CD0730d,3,1,4,4,5,1,0,4,1,0,0
CD0731b,1,0,2,0,0,0,0,0,0,0,1
CD0731c,0,0,0,0,2,1,0,0,0,0,0
CD0732b,0,0,0,0,0,0,0,1,0,0,1
CD0732c,0,0,2,1,1,0,0,1,0,2,2
CD0732d,1,1,0,4,1,0,0,3,0,0,3
CD0733b,1,0,2,0,0,0,0,1,0,0,7
CD0733c,2,1,1,3,1,0,1,4,0,2,1
CD0733d,1,3,5,0,4,0,1,2,0,1,3
CD0734b,0,1,1,0,1,0,0,0,0,1,0
CD0734c,1,0,0,0,0,0,0,0,0,0,0
CD0735b,0,2,1,4,0,1,0,2,0,1,5
CD0735c,1,1,2,1,2,0,0,0,1,2,3
CD0736b,0,1,0,0,2,0,0,0,0,2,5
CD0736c,0,0,1,1,2,0,0,1,0,1,0
CD0736d,0,0,1,1,0,0,0,0,0,3,2
CD0737b,5,0,4,3,3,0,0,4,0,0,2
CD0738c,2,1,1,0,3,0,0,2,0,1,0
CD0739c,0,1,4,1,3,0,0,2,0,0,0
CD0739d,1,1,2,1,2,2,0,1,0,1,0
CD0740b,2,1,7,2,2,0,0,1,0,1,0
CD0740d,4,2,4,3,4,2,0,3,0,2,1
CD0741d,4,5,6,3,6,2,0,6,0,0,0
CD0742b,0,0,0,0,0,0,0,0,0,1,0
CD0742c,0,0,0,1,2,1,0,0,0,0,0
CD0743b,1,1,2,1,2,1,0,1,0,1,1
CD0743c,3,1,2,1,1,0,0,2,0,2,0
CD0743d,2,1,3,3,3,1,0,1,0,1,0
CD0743e,3,0,4,1,4,0,0,1,0,1,2
CD0744b,0,1,0,1,1,0,0,0,0,0,0
CD0744c,0,0,2,0,1,0,0,0,0,1,0
CD0744d,0,1,2,0,2,0,0,0,0,0,0
CD0745b,0,1,2,2,2,0,0,0,0,2,0
CD0745c,3,1,5,6,1,2,1,3,0,1,0
CD0745d,0,0,4,1,4,0,2,4,0,0,0
CD0746b,3,1,2,4,5,1,1,8,1,4,2
CD0746c,1,1,2,3,3,0,0,3,0,0,1
CD0746d,3,2,2,5,4,2,0,1,0,0,0
CD0747b,5,4,7,5,4,4,0,5,2,0,0
CD0747c,2,1,10,4,4,2,3,5,1,2,0
CD0747d,7,1,4,2,8,3,0,2,0,1,3
CD0748b,0,1,3,2,1,0,0,1,0,2,0
CD0748c,0,1,1,6,0,1,0,1,0,1,0
CD0748d,1,0,2,1,2,0,0,0,0,0,0
CD0748e,0,1,2,1,2,0,0,0,0,0,1
CD0748f,0,0,2,1,3,0,0,2,0,0,0
CD0748g,1,1,0,1,1,1,1,0,0,0,0
CD0748h,0,1,1,2,0,0,0,1,0,0,0
CD0748i,1,0,3,3,0,1,0,1,0,0,0
CD0748j,1,1,4,0,4,0,0,1,0,0,0
CD0749b,0,0,0,0,1,1,0,0,0,1,0
CD0752b,0,1,1,0,2,0,0,0,0,1,0
CD0752c,2,0,0,1,1,0,0,1,0,0,0
CD0752d,1,0,0,1,1,0,0,0,0,0,0
CD0753b,1,1,1,2,3,2,2,1,0,1,0
CD0753c,4,4,4,4,4,2,1,1,0,1,0
CD0753d,6,1,2,1,5,1,0,2,0,1,0
CD0754b,4,3,5,6,9,1,0,2,0,0,0
CD0754c,11,3,11,8,7,2,0,1,0,2,0
CD0754d,4,1,10,4,9,4,0,3,0,0,0
CD0755b,0,1,0,0,3,0,0,0,0,0,0
CD0756b,3,1,4,4,3,0,0,3,0,3,0
CD0756c,1,1,2,1,5,1,0,2,0,1,1
CD0756d,1,0,4,3,1,2,0,1,0,1,0
CD0756e,0,0,2,1,1,1,0,3,0,1,0
CD0756f,3,1,2,3,2,1,0,3,0,1,0
CD0756g,1,2,1,1,3,1,0,4,0,2,0
CD0757b,0,0,0,4,0,0,0,0,0,0,0
CD0757c,0,0,1,0,2,0,0,0,0,0,0
CD0757d,2,0,3,1,0,0,0,0,0,2,0
CD0758b,2,3,2,1,5,2,1,3,0,0,0
CD0758c,3,3,1,0,2,3,2,1,0,1,0
CD0758d,1,3,4,3,6,0,0,0,0,0,0
CD0759b,7,5,10,5,4,5,4,1,0,1,0
CD0759c,6,1,7,5,2,4,2,1,0,2,0
CD0759d,8,2,17,10,10,4,4,3,0,0,1
CD0760b,0,0,0,0,0,2,0,0,0,1,0
CD0761b,0,0,1,2,5,3,0,2,0,0,0
CD0761c,0,0,7,3,0,0,0,2,0,2,0
CD0761d,2,1,1,0,1,1,0,1,0,2,0
CD0761e,0,0,3,1,0,0,0,0,0,0,0
CD0761f,0,1,2,1,2,1,0,1,0,0,1
CD0761g,0,0,1,4,1,1,0,0,0,1,0
CD0762b,0,0,0,1,0,1,0,0,0,1,0
CD0762c,2,1,0,1,0,0,0,0,0,0,0
CD0762d,1,2,2,1,2,1,0,0,0,1,0
CD0763b,4,1,5,6,8,3,3,0,0,1,0
CD0763c,5,1,3,3,4,2,0,2,0,0,0
CD0763d,2,0,5,3,6,2,1,0,0,1,0
CD0764b,9,5,6,6,6,2,1,2,0,1,0
CD0764c,5,4,10,8,3,6,2,0,0,3,0
CD0764d,1,4,12,13,8,3,2,2,0,0,3
CD0765b,0,0,1,3,0,0,0,0,0,0,0
CD0766b,1,0,2,2,1,0,0,1,2,2,1
CD0766c,1,0,3,1,1,1,0,4,1,1,1
CD0766d,1,0,5,1,1,1,0,2,0,3,0
CD0766e,1,0,1,0,0,0,0,10,1,1,1
CD0766f,0,1,0,0,1,0,0,10,1,1,0
CD0766g,0,0,0,1,1,1,0,1,0,0,0
CD0767b,1,0,1,0,1,0,0,0,0,0,0
CD0767c,0,0,2,1,2,2,0,1,0,0,0
CD0767d,1,0,1,1,0,0,0,0,0,1,0
CD0768b,6,1,6,6,3,1,0,0,0,1,0
CD0768c,2,3,3,0,5,1,0,0,0,1,0
CD0768d,0,0,4,1,1,0,0,0,0,1,0
CD0769b,6,3,6,9,3,3,1,0,0,1,0
CD0769c,4,1,2,3,4,2,1,2,0,0,1
CD0770b,0,0,0,1,0,1,0,0,0,0,0
CD0771b,0,2,0,1,0,0,0,2,0,1,0
CD0771c,0,1,0,0,1,0,0,0,0,0,1
CD0771d,0,1,2,2,1,1,0,0,0,2,1
CD0771e,0,2,3,2,1,1,0,1,0,2,0
CD0771f,0,0,3,1,1,1,0,4,1,0,1
CD0771g,2,1,3,2,0,0,0,0,0,0,1
CD0774b,0,0,0,0,1,0,0,0,0,1,0
CD0775b,1,0,3,2,0,2,0,1,0,1,0
CD0775c,1,0,1,2,0,2,0,1,0,0,0
CD0775d,0,1,1,0,1,0,0,2,0,0,0
CD0776b,0,0,0,0,2,1,0,0,0,0,0
CD0777b,3,0,4,3,2,0,0,1,0,1,0
CD0777c,0,0,2,1,3,0,0,0,0,1,0
CD0777d,4,0,2,3,1,0,0,1,0,1,1
CD0780b,1,1,0,1,0,0,0,0,0,0,0
CD0781b,1,1,5,2,1,1,0,5,0,1,0
CD0781c,3,1,3,2,1,1,0,0,0,2,0
CD0781d,1,0,0,1,1,0,0,0,0,2,0
CD0787d,8,0,38,9,48,5,3,3,1,4,6
CD0790b,0,0,0,0,1,4,0,1,0,0,7
CD0791c,0,2,4,0,3,1,0,3,0,1,3
CD0792b,5,2,3,1,0,0,2,3,0,2,1
CD0792c,1,0,1,0,1,0,0,0,0,3,0
CD0792d,3,2,3,0,1,0,0,1,0,2,0
CD0793b,5,2,3,1,1,0,0,0,0,2,0
CD0793c,2,0,1,0,0,0,0,1,0,0,0
CD0793d,14,1,5,2,2,1,0,2,1,1,0
CD0794b,0,1,0,2,0,0,0,1,0,1,0
CD0794c,0,0,0,1,1,0,0,0,0,2,0
CD0794d,0,0,0,0,1,0,0,0,0,1,0
CD0795b,7,4,5,55,21,8,1,0,0,0,3
CD0795c,5,3,8,66,38,14,1,0,2,3,1
CD0795d,3,3,0,54,32,5,1,2,0,2,1
CD0796b,3,3,1022,56,27,9,0,3,0,1,0
CD0796c,5,1,623,37,10,7,0,2,0,1,0
CD0797b,15,2,1445,81,29,15,1,8,0,5,1
CD0797c,18,4,1745,60,26,12,0,4,0,4,0
CD0798b,0,0,0,1,0,0,0,1,0,0,0
CD0798c,2,0,2,0,0,0,0,0,0,0,0
CD0798d,0,1,2,3,0,0,0,0,0,1,0
CD0799b,1,0,2,1,2,0,0,1,0,0,0
CD0799c,1,1,2,3,3,3,0,1,0,2,0
CD0799d,1,0,0,1,2,1,0,0,0,0,0
CD0800b,3,2,2,2,0,2,0,1,0,1,0
CD0800c,4,1,4,1,6,1,0,0,0,2,0
CD0800d,5,0,7,1,5,0,0,3,0,1,0
CD0801b,2,5,5,5,4,3,1,4,0,0,0
CD0801c,6,2,10,2,6,1,0,4,0,1,1
CD0801d,3,3,10,13,14,3,0,1,0,0,2
CD0802b,2,0,1,1,0,0,0,0,0,0,0
CD0802c,0,1,2,2,1,0,0,5,1,0,5
CD0802d,1,0,0,0,1,0,0,1,0,1,0
CD0803b,20,6,8,93,32,10,1,2,0,0,2
CD0803c,9,4,12,121,53,22,0,6,1,1,2
CD0803d,12,3,8,102,51,20,0,4,0,1,1
CD0804b,1,0,2,1,1,0,0,0,0,0,0
CD0804c,4,0,2,1,2,0,0,1,0,1,0
CD0804d,4,1,3,2,4,0,0,1,0,1,0
CD0804e,1,1,1,2,1,0,0,1,0,1,0
CD0805b,3,2,8,10,8,2,2,2,1,2,0
CD0805c,1,1,5,1,12,1,0,1,0,1,0
CD0805d,3,1,4,0,4,0,0,0,0,0,0
CD0806b,2,1,12,11,7,1,1,1,0,2,0
CD0806c,1,0,20,13,14,9,2,4,0,3,4
CD0806d,0,0,11,4,5,2,1,0,1,1,1
CD0809b,0,0,1,2,1,0,0,0,0,0,0
CD0809c,0,1,0,0,1,0,0,0,0,0,0
CD0809d,0,0,0,1,2,1,0,0,0,2,0
CD0810b,2,0,3,10,6,2,1,2,0,3,0
CD0810c,0,1,4,3,5,1,0,2,1,0,1
CD0810d,2,0,4,0,5,2,0,2,0,0,2
CD0811b,4,5,42,21,31,14,8,5,0,3,2
CD0811c,1,2,12,5,9,10,2,3,1,2,1
CD0812b,1,0,1,0,1,0,0,7,1,0,3
CD0812c,4,0,0,2,2,0,1,7,1,1,1
CD0812d,2,0,2,0,0,0,0,4,1,1,4
CD0813b,3,0,0,3,2,0,0,9,3,0,1
CD0813c,3,0,1,0,0,1,0,5,0,0,3
CD0813d,0,0,0,3,3,0,0,9,3,0,1
CD0814b,1,0,0,0,0,0,0,4,0,0,0
CD0814c,1,0,3,2,0,0,0,7,0,0,0
CD0814d,0,0,0,0,0,0,0,0,0,0,0
CD0815b,0,1,1,0,2,1,0,6,0,1,0
CD0815c,1,0,0,1,0,0,0,1,0,1,0
CD0815d,2,0,0,0,0,0,0,6,1,0,3
CD0815e,1,1,1,0,1,0,0,2,0,1,0
CD0816b,2,0,0,2,0,0,2,6,5,1,1
CD0816d,2,1,3,1,0,1,0,11,4,1,3
CD0817b,1,0,0,4,0,0,0,1,0,0,0
CD0817c,2,0,0,3,2,0,0,2,0,0,0
CD0817d,0,1,0,3,0,1,0,1,0,2,0
CD0818b,4,1,6,4,8,2,0,5,1,0,2
CD0818c,2,0,6,4,10,1,2,2,0,0,0
CD0818d,2,1,6,2,7,1,1,0,0,1,0
CD0819b,0,0,0,0,1,1,0,0,0,0,1
CD0819c,0,0,0,3,0,1,0,0,0,1,0
CD0819d,2,0,1,0,2,0,0,0,0,1,0
CD0820c,0,0,5,5,10,2,0,2,0,1,0
CD0820d,2,3,8,2,8,2,0,1,0,1,0
CD0821b,2,1,2,1,1,0,0,0,0,1,0
CD0821c,0,0,1,1,0,0,0,1,0,0,1
CD0821d,1,0,0,1,0,0,0,0,0,0,0
CD0822b,0,2,4,2,4,6,1,2,0,2,2
CD0822c,1,0,4,5,1,1,0,1,0,0,0
CD0822d,1,1,8,3,8,2,2,2,1,1,1
CD0823b,5,3,7,9,10,6,4,11,2,3,2
CD0823c,0,1,6,5,4,4,2,6,0,1,1
CD0823d,3,0,16,9,15,2,2,7,1,1,0
CD0824b,0,0,0,1,0,0,0,8,1,0,4
CD0824c,0,0,0,0,0,0,0,7,0,0,2
CD0824d,0,0,1,1,1,0,0,3,0,0,4
CD0825b,1,1,1,1,0,0,0,4,2,1,3
CD0825c,0,0,1,1,1,1,0,8,4,2,3
CD0825d,0,0,1,0,1,0,0,6,2,0,1
CD0826b,0,0,0,0,0,1,0,3,1,0,0
CD0826c,1,0,1,0,0,1,0,1,2,0,1
CD0826d,0,0,0,1,3,2,0,1,0,1,0
CD0827b,0,1,1,1,1,2,0,1,0,0,0
CD0827c,1,0,1,0,0,0,0,3,0,0,0
CD0827d,0,0,2,1,0,0,0,1,0,2,0
CD0828b,0,0,2,2,1,0,0,12,2,0,3
CD0828c,0,0,2,0,1,0,0,10,0,0,2
CD0828d,0,0,0,0,0,0,0,2,1,0,1
CD0829b,1,0,1,1,1,1,0,12,1,0,3
CD0829c,0,1,3,0,3,0,0,9,3,1,2
CD0830b,0,0,1,0,2,0,0,1,0,0,0
CD0830c,2,0,0,2,1,0,0,4,0,0,0
CD0830d,1,0,2,0,0,1,0,2,0,0,0
CD0831b,3,1,3,3,3,3,0,1,0,2,0
CD0831c,2,0,1,3,1,3,0,0,0,1,0
CD0831d,1,1,1,0,2,1,0,0,0,1,0
CD0832d,3,2,3,1,0,3,0,2,0,0,1
CD0833b,0,0,0,0,1,0,0,0,0,0,0
CD0834b,1,0,2,0,0,2,0,0,0,2,0
CD0834c,0,0,3,3,2,0,0,1,0,0,0
CD0834d,0,0,4,2,1,0,0,2,0,0,1
CD0837b,1,1,2,3,5,3,1,1,0,1,0
CD0837c,3,1,2,4,8,1,1,2,0,0,0
CD0841b,0,1,1,0,4,0,0,0,0,1,0
CD0842b,27,13,334,98,255,31,38,5,0,16,1
CD0842c,22,19,301,73,201,15,25,6,0,16,0
CD0842d,51,21,419,104,300,18,37,10,0,13,0
CD0843b,1,1,4,1,1,0,0,0,0,0,2
CD0844b,15,5,179,29,70,7,24,5,0,2,0
CD0845b,6,4,60,14,31,4,14,2,0,3,0
CD0846b,2,0,4,1,1,1,0,1,0,0,0
CD0846c,0,0,3,5,1,0,0,0,0,0,1
CD0846d,3,1,2,2,2,1,0,2,0,2,0
CD0847b,2,0,1,1,3,1,0,3,0,1,1
CD0847c,3,0,1,6,1,1,0,0,0,2,1
CD0847d,1,2,4,1,4,2,0,2,0,1,1
CD0848b,0,1,1,1,0,2,0,0,0,3,0
CD0848c,0,0,2,3,0,0,0,2,0,0,0
CD0848d,1,1,2,0,2,0,0,1,0,0,0
CD0850c,0,0,1,3,0,1,0,0,0,0,0
CD0850d,0,0,2,0,0,2,0,2,0,0,0
CD0850e,3,2,111,3,4,0,0,1,0,1,0
CD0850f,1,0,109,5,3,2,0,1,0,0,0
CD0850g,1,1,131,1,2,3,0,1,0,2,0
CD0850h,3,0,260,11,8,2,0,5,0,1,1
CD0850i,2,1,250,18,7,0,0,1,0,2,1
CD0850j,3,0,255,11,3,2,0,1,0,3,0
CD0851b,1,0,1,0,2,1,0,0,0,0,1
CD0851c,2,1,1,0,1,1,0,3,0,1,0
CD0851d,0,1,1,2,1,0,1,0,0,2,0
CD0851e,5,1,112,8,4,2,0,2,0,2,0
CD0851f,2,1,134,10,4,4,0,5,0,2,0
CD0851g,2,1,80,4,6,0,0,3,0,1,1
CD0851h,2,1,244,11,5,5,0,0,2,1,1
CD0851i,4,1,248,19,10,6,0,2,0,0,1
CD0851j,4,3,241,8,8,3,1,0,0,0,0
CD0852b,1,0,1,0,0,1,0,1,0,1,8
CD0852c,0,0,0,2,0,0,0,1,0,0,1
CD0852d,0,0,4,2,1,1,0,1,0,3,4
CD0852e,1,0,113,9,1,3,0,1,0,0,8
CD0852f,1,3,114,5,2,1,0,2,0,2,2
CD0852g,2,0,87,4,8,0,0,1,0,1,2
CD0852h,4,2,189,8,6,8,0,2,0,2,10
CD0852i,2,1,247,7,8,2,0,0,0,1,4
CD0853b,29,1,31,15,61,14,0,293,6,172,0
CD0853c,19,1,35,14,26,5,0,229,1,108,0
CD0853d,67,2,61,26,73,30,0,635,2,364,0
CD0853e,28,2,185,15,31,18,0,202,2,108,0
CD0853f,11,3,223,14,23,9,0,114,5,76,0
CD0853g,47,1,234,33,93,35,1,450,2,257,0
CD0853h,44,1,467,21,48,22,0,302,4,182,0
CD0853i,13,1,397,17,34,9,0,144,2,81,0
CD0853j,26,1,394,15,36,12,1,199,1,120,0
CD0854b,3,0,2,0,0,1,0,0,0,1,0
CD0854c,1,0,3,2,0,2,0,0,0,2,0
CD0854d,1,3,2,0,0,0,0,0,0,0,0
CD0854e,5,2,160,8,5,2,0,1,0,1,0
CD0854f,4,2,146,4,3,5,1,2,0,1,0
CD0854g,5,2,124,6,7,1,2,2,0,0,0
CD0854h,6,3,300,20,10,6,0,2,0,2,2
CD0854i,5,2,323,26,6,9,1,2,1,2,0
CD0854j,4,3,317,18,10,5,1,6,0,1,0
CD0855b,2,2,0,0,1,0,0,2,0,3,0
CD0855c,2,0,0,1,0,0,0,0,0,2,0
CD0855d,3,1,0,0,3,1,0,1,0,1,0
CD0855e,5,3,156,20,12,11,0,0,0,2,1
CD0855f,6,10,145,14,6,9,0,3,0,1,0
CD0855g,10,4,148,15,9,10,0,3,0,2,0
CD0855h,6,10,263,37,39,17,0,4,0,1,0
CD0855i,8,9,255,34,22,8,2,0,1,2,0
CD0855j,7,5,303,32,19,11,2,4,0,1,0
CD0856b,2,0,0,0,2,0,0,4,5,0,0
CD0856c,3,0,0,1,1,0,0,2,1,2,0
CD0856d,1,0,1,1,0,0,0,1,1,0,0
CD0856e,2,0,145,5,1,1,0,12,5,0,2
CD0856f,0,0,122,2,0,2,0,13,6,0,4
CD0856g,1,0,111,2,3,1,0,14,4,0,1
CD0856h,4,1,175,2,1,0,0,11,5,1,5
CD0856i,4,0,229,6,1,2,0,13,7,5,2
CD0856j,4,0,203,3,7,1,0,8,5,1,2
CD0857b,1,1,0,1,0,0,0,1,0,0,1
CD0857c,2,0,1,0,0,0,0,0,0,0,0
CD0857d,4,0,0,0,0,0,0,1,0,1,0
CD0857e,1,2,115,65,22,1,0,1,0,1,0
CD0857f,4,1,109,64,34,4,0,2,0,0,0
CD0857g,0,1,110,67,31,3,1,1,0,0,0
CD0857h,5,8,287,196,66,7,1,2,0,2,0
CD0857i,3,1,303,129,50,4,0,1,0,2,1
CD0857j,3,3,282,112,53,14,1,0,0,4,1
CD0858b,0,1,3,1,1,1,0,0,0,0,0
CD0858c,0,0,0,1,1,0,0,1,0,3,0
CD0858d,0,0,0,1,0,0,0,0,0,0,0
CD0858e,4,0,126,8,0,0,0,1,0,1,2
CD0858f,0,0,105,5,3,2,0,4,0,1,0
CD0858g,1,0,111,4,3,2,0,3,0,1,0
CD0858h,5,0,253,10,4,8,1,1,1,2,1
CD0858i,2,1,260,12,7,5,0,2,0,2,3
CD0858j,3,0,222,9,7,1,0,4,1,2,1
CD0859b,1,0,0,1,1,1,0,0,0,1,1
CD0859c,0,1,1,2,0,0,0,2,2,0,1
CD0859d,0,0,0,3,0,0,0,1,0,3,0
CD0860b,4,0,1,0,0,0,0,0,0,1,0
CD0860c,2,0,0,3,0,1,4,3,0,0,0
CD0860d,2,0,1,1,1,1,1,1,0,2,0
CD0861b,1,0,2,0,0,1,0,2,0,0,1
CD0861c,4,1,0,3,0,0,0,3,0,2,1
CD0861d,0,1,0,3,1,1,1,2,3,3,0
CD0862b,0,2,0,1,1,0,0,2,0,1,1
CD0862c,2,0,0,1,2,0,0,1,0,3,1
CD0862d,0,0,1,1,0,1,0,1,0,0,0
CD0863b,1,1,1,0,1,0,0,0,0,0,0
CD0863c,0,0,0,0,2,0,0,1,0,0,0
CD0863d,0,0,0,1,0,2,0,0,0,0,0
CD0864b,5,2,3,2,3,2,1,7,2,0,1
CD0864d,10,1,2,4,0,1,2,4,1,3,0
CD0865b,3,0,0,1,0,1,0,1,0,1,0
CD0865d,1,0,1,0,2,1,0,0,0,0,0
CD0866b,5,1,1,1,2,0,2,2,0,1,2
CD0866c,4,1,4,1,0,0,1,0,0,1,1
CD0866d,0,0,0,0,0,0,0,1,0,0,1
CD0867b,1,0,2,1,0,0,0,0,0,0,0
CD0867c,1,0,0,0,0,0,0,1,0,0,0
CD0867d,1,1,0,1,1,1,0,0,0,0,0
CD0868b,1,0,3,1,0,0,0,3,0,1,0
CD0868c,2,0,1,3,1,1,0,2,0,0,0
CD0868d,1,0,0,0,0,1,0,1,0,1,0
CD0869b,1,1,1,0,0,0,0,0,0,0,0
CD0869c,4,1,1,0,0,1,2,0,0,3,0
CD0869d,3,0,0,0,0,0,0,2,0,0,1
CD0870b,2,0,0,2,0,0,1,1,0,1,0
CD0871b,0,0,0,0,0,1,0,0,0,0,0
CD0871c,2,1,1,2,2,0,0,0,0,2,0
CD0871d,0,0,1,1,1,0,0,0,0,1,0
CD0872b,0,0,0,0,0,0,0,2,0,0,0
CD0872c,0,0,0,1,0,0,0,0,0,0,0
CD0872d,0,0,0,0,2,0,1,0,0,1,0
CD0873b,0,2,1,1,1,0,0,1,0,0,0
CD0873c,0,0,0,0,0,3,0,2,0,0,0
CD0873d,4,1,3,2,1,0,0,3,0,3,1
CD0874b,1,1,0,2,0,0,1,1,0,1,0
CD0874c,0,0,4,1,0,0,0,1,0,0,0
CD0874d,2,0,2,0,1,0,0,1,0,0,1
CD0875b,3,0,1,0,1,2,1,2,1,1,0
CD0882b,3,0,0,0,0,1,0,0,0,1,0
CD0882c,0,0,0,0,1,0,0,0,0,0,0
CD0882d,0,0,1,0,0,1,0,0,0,0,0
CD0883b,0,0,0,0,0,0,0,1,0,0,0
CD0883c,0,0,0,0,1,1,0,0,0,1,0
CD0883d,2,0,0,0,0,0,0,0,0,0,0
CD0884b,2,1,1,0,0,1,1,0,0,0,0
CD0884c,2,0,1,0,1,0,0,3,0,0,0
CD0884d,4,0,0,0,1,2,1,6,0,1,2
CD0885b,4,0,2,2,1,0,1,6,0,1,2
CD0885c,10,2,1,6,4,0,2,9,0,1,0
CD0885d,6,0,3,2,1,1,0,6,0,2,0
CD0886b,1,0,1,1,3,0,0,2,0,0,0
CD0886c,0,0,0,0,1,0,0,0,0,1,0
CD0886d,0,1,2,1,1,0,0,0,0,1,0
CD0887b,0,0,1,0,0,0,0,0,1,0,0
CD0887c,0,0,1,0,1,0,1,2,0,2,0
CD0887d,0,0,1,0,0,0,0,1,0,0,0
CD0888b,2,0,1,2,1,1,0,2,2,0,2
CD0888c,0,0,0,1,0,0,0,8,3,2,1
CD0888d,1,0,1,0,0,0,0,11,2,0,0
CD0889b,1,0,2,2,1,0,0,4,4,2,2
CD0889c,0,0,1,0,0,0,0,4,0,2,0
CD0889d,3,0,2,1,1,0,0,7,4,2,0
CD0890b,0,1,1,0,0,0,0,0,0,0,0
CD0890c,0,0,0,2,0,0,0,0,0,1,0
CD0890d,0,2,0,0,0,0,0,0,0,0,0
CD0891b,1,0,1,0,0,0,0,0,0,1,0
CD0891c,0,0,0,1,1,1,0,0,0,1,0
CD0891d,0,0,4,2,0,0,1,0,1,1,0
CD0892b,0,0,0,1,0,0,1,2,0,1,1
CD0892c,0,0,0,3,0,0,0,0,0,0,0
CD0893b,9,2,3,10,0,0,1,5,1,2,0
CD0893c,8,0,3,6,1,1,2,4,0,1,1
CD0893d,11,1,2,0,1,2,0,5,2,3,1
CD0894b,0,1,0,0,0,0,0,1,0,0,1
CD0894c,1,0,0,0,0,0,0,1,0,0,0
CD0894d,1,0,0,1,2,0,0,0,0,0,0
CD0898b,0,0,0,0,0,1,0,0,0,0,0
CD0898c,0,0,1,0,1,0,0,0,0,0,0
CD0898d,0,0,2,0,0,0,0,1,0,0,0
CD0899b,0,2,0,1,0,0,0,1,0,0,0
CD0899c,0,1,0,0,0,0,0,0,0,0,0
CD0899d,3,0,1,1,1,0,1,0,0,0,0
CD0900b,4,1,0,2,1,0,0,1,0,1,0
CD0900c,1,0,2,0,3,1,1,0,0,0,1
CD0900d,7,0,2,1,0,1,2,1,0,1,2
CD0901b,3,0,4,0,2,0,0,0,0,0,1
CD0902b,1,0,0,1,0,1,0,1,0,0,1
CD0902c,2,1,1,0,0,0,0,0,0,0,0
CD0902d,0,0,0,2,4,0,0,1,0,1,0
CD0905b,0,0,0,0,1,0,0,1,1,2,0
CD0905c,0,0,0,0,2,0,0,2,0,0,1
CD0905d,0,0,0,1,0,0,0,0,1,0,0
CD0906b,0,0,0,1,0,0,0,6,0,0,0
CD0906c,0,0,1,0,0,0,0,4,0,0,3
CD0906d,0,0,1,0,0,0,0,8,1,2,2
CD0907b,1,0,1,2,1,0,0,3,2,1,3
CD0907c,0,0,1,0,1,1,1,4,0,1,1
CD0907d,0,1,0,0,2,0,0,8,1,0,2
CD0908b,0,1,0,2,0,1,0,1,1,0,0
CD0908c,1,0,0,0,0,1,0,3,0,0,0
CD0908d,0,0,0,0,0,0,0,5,1,0,1
CD0909b,0,0,1,2,2,0,0,0,0,0,0
CD0909c,2,2,3,2,2,2,0,1,0,0,1
CD0909d,1,0,1,0,0,0,0,0,0,1,0
CD0910b,8,1,2,3,2,1,2,1,0,0,0
CD0910c,6,0,2,3,0,0,3,4,0,0,1
CD0910d,11,2,0,3,1,1,3,4,1,1,2
CD0911b,3,1,5,4,1,0,1,2,1,0,0
CD0911c,3,0,1,4,0,0,0,1,0,1,1
CD0911d,5,3,0,1,0,1,1,2,0,5,1
CD0918b,1,1,1,1,1,0,0,0,0,1,0
CD0918c,1,0,1,0,0,0,0,1,0,0,0
CD0918d,1,0,0,2,0,1,0,0,0,0,0
CD0919b,0,0,1,4,5,3,0,4,1,1,0
CD0919c,0,1,2,8,6,2,1,4,0,0,0
CD0919d,0,0,0,3,3,2,0,3,0,1,0
CD0920b,0,0,2,1,0,0,0,1,1,0,0
CD0920c,3,0,1,12,4,2,0,4,3,0,1
CD0920d,0,2,0,5,3,1,1,5,0,0,3
CD0924b,0,0,1,0,0,0,0,0,0,1,0
CD0924c,2,2,2,3,0,0,0,0,0,0,0
CD0924d,0,1,2,1,0,0,0,0,0,0,0
CD0925b,0,0,1,9,1,1,0,4,1,1,1
CD0925c,0,0,0,7,1,3,1,1,0,1,2
CD0925d,1,2,2,4,4,0,0,5,2,0,1
CD0926b,0,1,2,19,2,2,0,7,1,1,4
CD0926c,2,1,2,10,1,1,1,6,1,0,0
CD0926d,2,0,4,16,5,4,2,4,3,1,2
CD0935b,11,1,2,2,1,0,15,12,3,2,3
CD0935c,3,0,3,1,1,0,1,0,1,1,0
CD0935d,11,0,1,3,0,1,6,6,0,1,0
CD0939b,0,2,1,2,2,0,0,0,0,2,0
CD0939c,1,0,0,1,1,0,0,0,0,3,0
CD0939d,1,0,3,2,1,1,0,2,0,2,0
CD0940b,8,0,5,2,0,1,0,2,0,0,0
CD0940c,4,1,7,1,1,1,0,2,0,3,1
CD0940d,0,1,1,3,0,1,0,1,0,0,0
CD0941b,5,2,3,1,0,0,0,0,0,0,0
CD0941c,7,1,3,0,1,0,0,2,0,1,0
CD0941d,10,3,8,3,1,1,1,2,1,2,0
CD0942b,1,0,0,1,0,1,0,0,0,0,0
CD0942c,1,0,0,2,0,0,0,0,0,1,0
CD0942d,0,0,0,0,1,0,0,0,0,0,1
CD0943b,0,0,1,10,3,2,0,3,0,1,1
CD0943c,1,0,4,6,2,2,0,2,0,1,0
CD0943d,2,1,1,9,5,0,1,3,0,1,2
CD0944b,0,1,1,9,2,1,0,6,0,1,1
CD0944c,1,0,2,8,3,1,0,1,1,0,0
CD0944d,1,0,2,8,2,3,0,6,1,1,1
CD0945b,0,1,1,8,5,3,0,0,0,1,1
CD0945c,1,3,1,6,4,2,0,0,0,0,0
CD0945d,0,1,2,3,2,1,0,0,0,1,0
CD0946b,1,0,1,14,10,3,0,0,0,0,0
CD0946c,1,1,2,21,10,6,0,2,0,0,0
CD0946d,0,0,5,15,2,4,0,1,0,0,0
CD0947b,5,0,14,6,18,2,2,2,0,2,0
CD0948b,4,0,2,1,1,2,0,2,0,0,0
CD0948c,1,1,0,1,3,0,0,2,1,0,1
CD0948d,2,0,1,1,2,2,0,6,1,0,1
CD0949b,2,0,1,2,0,0,0,9,3,0,2
CD0949c,3,0,0,1,2,0,0,5,0,2,1
CD0949d,0,2,3,4,3,0,0,13,5,0,4
CD0950b,1,0,1,1,2,0,0,4,0,0,1
CD0950c,1,0,0,1,1,1,0,10,2,2,2
CD0950d,0,1,0,1,2,0,1,7,2,1,3
CD0951b,3,2,0,2,1,0,1,6,1,0,0
CD0951c,0,0,0,0,1,1,0,5,3,1,1
CD0951d,1,0,1,0,2,1,0,14,2,1,3
CD0952b,0,0,0,0,0,0,0,0,0,1,0
CD0952c,0,0,1,0,1,0,0,2,0,0,0
CD0952d,0,1,0,3,1,1,0,0,0,0,0
CD0953b,2,0,0,1,1,0,0,0,0,2,0
CD0953c,11,0,3,1,0,2,0,1,0,1,0
CD0953d,3,0,3,0,0,0,0,0,0,2,0
CD0954b,2,0,1,1,2,0,0,1,0,0,0
CD0954c,0,0,0,1,1,0,0,0,0,1,3
CD0954d,9,0,0,1,1,0,0,1,0,0,0
CD0955b,2,0,2,1,1,0,0,0,0,2,0
CD0955c,0,0,0,0,2,0,0,0,0,3,0
CD0955d,0,0,1,2,0,0,0,2,0,3,0
CD0956b,0,1,2,8,2,1,0,3,1,0,1
CD0956c,0,1,0,6,4,0,1,5,0,1,0
CD0956d,1,1,1,6,2,4,0,5,1,0,0
CD0957b,1,0,2,21,5,2,2,4,1,0,1
CD0957c,3,1,3,5,0,2,0,1,1,1,1
CD0957d,1,1,2,12,2,1,0,5,4,0,1
CD0958b,2,2,13,7,8,4,0,3,0,3,1
CD0958c,2,1,11,2,15,3,4,2,0,2,0
CD0958d,5,1,10,10,17,4,1,1,0,1,0
CD0959b,0,0,0,2,0,1,0,0,0,0,0
CD0959c,1,0,0,0,0,0,0,0,0,2,0
CD0959d,0,0,1,0,2,0,0,0,0,2,0
CD0960b,4,1,2,1,2,0,0,2,0,1,1
CD0960c,3,0,2,1,0,0,0,0,0,1,0
CD0960d,5,3,3,1,0,0,0,0,0,1,2
CD0961b,1,0,0,1,1,0,0,0,0,0,0
CD0961c,3,0,0,3,4,1,0,1,0,0,0
CD0961d,3,0,3,4,1,0,0,0,0,1,1
CD0962b,1,0,0,0,1,1,0,1,0,1,0
CD0962c,1,0,2,1,0,0,0,0,0,1,0
CD0962d,0,0,0,0,0,1,0,0,0,1,0
CD0963b,0,0,2,3,2,0,0,0,0,1,0
CD0963c,1,0,0,3,2,2,0,1,0,0,0
CD0963d,0,0,1,6,1,2,0,0,0,0,1
CD0964b,0,0,1,6,6,2,0,0,0,2,0
CD0964c,1,0,2,4,0,1,0,2,0,4,0
CD0964d,0,0,2,7,6,1,0,0,0,0,0
CD0965b,2,1,17,2,15,4,2,0,0,3,0
CD0965c,0,0,0,0,0,0,0,0,0,1,0
CD0965d,0,0,2,2,0,0,0,0,0,0,0
CD0966b,0,0,1,1,0,0,0,0,0,0,0
CD0966c,0,0,0,0,1,0,0,0,0,0,0
CD0966d,1,0,2,1,0,2,0,0,0,0,0
CD0967b,7,2,3,1,0,0,0,3,0,0,2
CD0967c,9,0,3,1,2,0,0,4,0,1,0
CD0967d,2,0,0,1,1,0,0,0,0,1,0
CD0968b,8,0,2,0,0,0,0,4,1,1,0
CD0968c,10,1,4,1,0,0,0,6,0,1,1
CD0968d,7,1,7,4,1,1,2,1,0,0,2
CD0969b,1,0,2,2,0,0,0,0,0,0,1
CD0969c,0,0,1,0,0,0,0,0,0,1,0
CD0969d,1,1,1,0,0,0,0,1,0,0,0
CD0970b,0,0,2,2,2,0,0,7,2,0,2
CD0970c,1,1,1,6,1,1,0,7,0,0,1
CD0970d,0,0,1,3,0,1,0,8,1,0,3
CD0971b,1,0,2,3,1,0,0,4,0,0,1
CD0971c,1,1,0,2,0,0,0,6,2,1,3
CD0971d,0,0,0,2,0,1,0,4,2,0,1
CD0972b,1,0,1,0,1,1,0,2,0,0,0
CD0972c,1,0,2,2,0,0,0,1,0,0,0
CD0972d,0,0,2,2,1,0,0,0,0,0,0
CD0973b,0,0,0,0,0,0,0,4,2,4,1
CD0973c,0,0,2,0,1,0,0,8,0,0,2
CD0973d,0,1,1,1,2,0,0,4,2,0,0
CD0974b,1,0,0,2,3,2,0,4,0,2,2
CD0974c,1,0,2,1,0,0,0,3,2,0,0
CD0974d,0,1,0,0,0,1,0,6,1,2,2
CD0975b,0,0,0,1,0,0,0,1,1,0,2
CD0975c,0,0,3,1,0,1,0,5,3,0,0
CD0975d,0,0,0,1,0,1,0,8,1,0,0
CD0976b,0,1,1,1,3,0,0,4,1,0,2
CD0976c,0,0,0,2,0,1,0,1,0,0,3
CD0976d,0,0,2,2,2,0,0,8,1,1,4
CD0977b,1,0,69,1,1,0,0,5,1,2,0
CD0977c,1,0,92,3,0,1,0,8,2,0,1
CD0977d,0,1,94,7,1,2,0,8,3,1,1
CD0978b,1,0,188,1,1,0,1,2,5,1,4
CD0978c,0,0,112,4,3,1,0,5,3,2,3
CD0978d,0,1,154,7,3,1,0,5,1,0,1
CD0979b,0,0,1,1,5,1,0,1,1,0,0
CD0979c,1,0,4,2,3,0,1,6,2,3,1
CD0979d,1,0,1,2,1,1,0,5,3,0,3
CD0980b,0,1,3,0,1,1,1,10,2,0,0
CD0981b,1,0,1,0,4,0,0,0,0,2,0
CD0981c,2,0,1,2,0,0,0,0,0,2,0
CD0981d,0,0,0,0,0,0,0,0,0,1,0
CD0982b,0,0,1,3,6,5,1,4,0,0,1
CD0982c,1,0,1,4,2,1,0,1,0,1,1
CD0982d,3,0,1,9,0,3,0,1,0,0,0
CD0983b,2,0,4,6,2,2,0,3,0,0,1
CD0983c,2,0,7,22,9,6,0,10,3,0,2
CD0983d,2,1,4,14,5,1,2,8,0,1,0
CD0984b,2,0,1,0,1,0,0,1,0,0,0
CD0984c,3,0,4,1,3,3,0,1,0,0,0
CD0984d,4,2,2,0,3,0,1,0,0,1,1
CD0985b,3,1,2,6,1,0,0,6,4,0,3
CD0985c,3,1,1,9,3,0,0,8,1,2,3
CD0985d,3,0,1,5,2,0,0,4,0,4,1
CD0986b,3,1,8,7,4,1,2,3,0,2,0
CD0986c,1,4,4,11,6,6,0,9,4,1,6
CD0986d,7,2,13,25,11,7,1,15,5,3,7
CD0987b,2,2,1,1,1,3,0,0,0,0,0
CD0987c,0,0,1,0,1,0,0,0,0,1,0
CD0987d,1,0,2,1,0,0,0,0,0,2,0
CD0988b,3,5,4,11,2,1,0,2,1,2,2
CD0988c,0,0,3,8,0,1,0,4,1,0,4
CD0988d,2,0,3,9,4,1,1,12,2,0,1
CD0989b,5,1,11,15,4,5,1,7,2,1,3
CD0989c,1,2,11,18,6,7,0,4,2,2,0
CD0989d,6,2,7,20,4,4,0,22,3,2,2
CD0990b,4,1,2,9,6,0,0,4,1,0,2
CD0990c,1,0,3,3,3,1,0,1,1,1,1
CD0990d,4,1,3,8,4,2,0,3,2,0,0
CD0991b,0,0,1,1,2,0,1,1,0,1,0
CD0991c,0,0,0,0,1,0,0,1,0,0,0
CD0991d,0,0,1,2,0,0,0,0,0,1,0
CD0992b,10,3,5,13,5,1,0,4,0,0,3
CD0992c,9,2,8,11,5,2,1,13,1,1,0
CD0992d,10,3,10,32,2,6,1,9,5,0,7
CD0993b,0,1,3,0,0,0,0,0,0,0,0
CD0993c,3,2,5,0,1,1,0,0,0,1,0
CD0993d,0,3,1,0,3,0,0,0,0,0,0
CD0994b,1,0,2,2,1,2,0,0,1,0,0
CD0994c,1,1,0,1,0,0,1,2,0,0,0
CD0994d,3,1,4,1,2,2,0,0,0,0,0
CD0995b,1,0,0,2,1,0,0,1,0,0,0
CD0995c,1,0,0,2,0,0,1,0,0,0,0
CD0995d,3,1,4,1,0,0,0,0,0,0,1
CD0996b,1,2,2,1,0,3,0,1,1,0,1
CD0996c,0,0,2,0,1,0,0,2,1,0,0
CD0996d,1,0,1,1,0,0,0,1,0,1,0
CD0997b,1,0,2,1,0,1,0,0,1,1,2
CD0997c,2,0,0,1,0,2,0,0,1,2,0
CD0997d,0,0,0,2,0,0,0,3,0,0,0
CD0998b,1,0,0,0,0,0,0,2,0,0,1
CD0998c,3,0,2,1,3,0,0,2,1,0,0
CD0998d,0,1,2,0,2,0,1,3,2,1,0
CD1000b,1,0,1,0,2,0,0,0,0,0,0
CD1000c,1,1,3,2,1,1,0,2,0,1,0
CD1000d,0,1,1,0,0,0,0,0,1,1,0
CD1001b,1,0,0,1,1,0,0,0,0,0,0
CD1001c,1,0,3,1,0,0,0,1,1,1,0
CD1001d,0,2,2,1,0,0,0,0,0,2,0
CD1002b,2,0,0,0,1,1,0,2,0,0,0
CD1002c,2,2,0,1,0,1,0,3,0,0,0
CD1002d,1,0,2,1,0,0,0,2,2,0,0
CD1021b,1,1,2,0,1,0,0,1,0,0,0
CD1021c,1,0,0,1,0,0,0,4,0,0,1
CD1021d,2,1,1,0,0,0,0,1,0,1,0
CD1022b,3,1,0,1,1,0,0,0,0,0,0
CD1022c,6,2,2,1,1,2,0,1,0,0,0
CD1022d,4,0,2,4,1,2,1,7,1,2,1
CD1023b,1,0,1,1,0,1,0,1,0,2,2
CD1023c,4,0,2,3,0,0,1,2,0,1,0
CD1023d,6,0,0,2,2,0,1,4,0,2,1
CD1027b,0,0,28,7,7,0,0,0,0,2,0
CD1027d,3,1,26,15,4,3,0,0,1,0,1
CD1028b,9,1,53,17,19,10,0,1,1,0,0
CD1029b,0,0,6,1,1,0,0,0,0,2,0
CD1030b,3,0,1,1,3,0,0,0,0,0,0
CD1030c,0,0,1,4,1,1,0,0,0,0,0
CD1030d,0,1,3,1,2,0,0,0,0,0,0
CD1031b,0,0,2,2,1,1,0,1,0,0,0
CD1031c,2,0,0,6,2,0,0,0,0,0,0
CD1031d,0,0,0,2,4,0,0,0,0,1,0
CD1032b,0,0,0,4,0,3,0,2,0,0,1
CD1032c,3,0,0,2,3,1,0,1,0,2,0
CD1032d,3,0,2,6,1,2,0,0,0,0,0
CD1033b,2,1,3,10,5,2,1,0,0,1,1
CD1033c,1,0,1,10,5,2,0,0,0,2,0
CD1033d,2,1,4,9,13,5,1,1,1,0,0
CD1034b,2,0,1,2,1,0,0,2,0,2,2
CD1034c,0,0,0,4,0,0,0,5,0,0,0
CD1034d,1,0,0,3,2,0,0,1,1,0,0
CD1035b,0,0,1,0,1,2,0,4,0,0,0
CD1035c,1,0,2,3,1,0,0,5,1,0,0
CD1035d,2,0,4,1,0,1,0,9,1,1,1
CD1036b,3,0,1,3,4,2,0,9,5,3,5
CD1036c,5,0,2,4,3,2,0,4,1,2,2
CD1036d,3,0,2,4,3,6,0,8,6,3,0
CD1037b,0,0,4,0,0,1,0,0,0,1,0
CD1037c,0,1,0,1,1,3,0,4,1,0,1
CD1037d,0,1,3,1,0,0,0,2,1,1,0
CD1038b,1,0,2,1,3,0,0,1,2,1,0
CD1038c,0,0,2,1,1,0,0,3,2,2,0
CD1038d,0,0,2,2,0,0,0,2,0,1,1
CD1039b,0,0,0,2,3,0,0,6,1,1,0
CD1039c,0,0,1,0,4,1,0,5,3,1,3
CD1039d,0,1,1,1,1,0,0,3,2,0,1
CD1060b,0,0,0,0,0,0,0,1,0,2,0
CD1060c,0,0,1,0,0,0,0,1,0,1,0
CD1060d,0,0,0,1,1,0,0,0,0,0,1
CD1061b,8,0,7,2,1,2,1,3,2,1,2
CD1061c,1,2,3,5,12,0,3,3,1,2,1
CD1061d,2,3,3,0,3,4,2,2,1,0,0
CD1062b,10,3,9,5,6,5,3,5,0,1,2
CD1062c,4,6,13,11,6,3,4,8,3,2,5
CD1062d,8,3,11,2,3,1,7,10,2,1,2
CD1076b,0,0,2,0,1,1,0,0,0,0,0
CD1076c,1,0,1,0,0,0,0,0,0,2,0
CD1076d,0,1,1,0,1,0,0,1,0,0,0
CD1077b,4,2,2,4,6,1,1,3,0,1,0
CD1077c,0,1,3,5,1,1,1,1,0,4,0
CD1077d,8,1,1,1,2,1,1,6,0,2,3
CD1078b,2,0,5,1,3,1,1,2,0,2,0
CD1078c,4,1,4,4,5,1,2,3,1,3,0
CD1078d,2,2,8,4,2,1,0,2,0,1,0
CD1079b,0,0,1,2,2,2,0,3,0,2,0
CD1080b,0,1,0,2,4,4,0,3,0,3,0
CD1081b,0,0,1,2,1,0,0,3,0,2,1
CD1082b,0,0,1,3,1,0,0,2,0,3,0
CD1083b,0,0,4,3,1,1,0,1,0,2,0
CD1084b,1,1,5,7,1,0,0,1,0,1,1
